"2024-06-20T06:34:14Z";"CREATE_CHEST";"{"chest":{"location":{"world":"nasu vally_nether","x":-10.0,"y":194.0,"z":40.0},"createdAt":1718865254188,"expireAt":1718868854188,"owner":{"name":"Lakshh007","op":false,"id":"dd485c7f-1fa8-31e8-94f9-227dca9720c3","entity-id":18584,"location":{"world":"nasu vally_nether","x":-9.71951494402016,"y":195.5,"z":40.26862098249118,"yaw":-95.342285,"pitch":90.0}},"isProtected":false,"inventory":{"type":"CHEST","size":18,"content":[{"v":3839,"type":"NETHERITE_SWORD","meta":{"meta-type":"UNSPECIFIC","enchants":{"minecraft:fire_aspect":2,"minecraft:looting":3,"minecraft:mending":1,"minecraft:sharpness":5,"minecraft:sweeping_edge":3,"minecraft:unbreaking":3},"repair-cost":63,"Damage":3,"custom":"H4sIAAAAAAAA/23OQQ7CIBCF4SfE2qJ3cqG9gBcwYzu2RAqEQb2sh5FEEl24/f5M3hhAw5w4kk2HIBnAvsOu98NMPi/ss5hiTQtlR3QyU4qeRRS0ezis8Qnbq018Jok85JpUTa08maP1U3VdfeNCyH+4bI5fXlU2d39JTLffA43mSAtNXB584Q1tcjmJygAAAA\u003d\u003d"}},{"v":3839,"type":"NETHERITE_PICKAXE","meta":{"meta-type":"UNSPECIFIC","enchants":{"minecraft:efficiency":5,"minecraft:fortune":3,"minecraft:mending":1,"minecraft:unbreaking":3},"repair-cost":15,"Damage":1442,"custom":"H4sIAAAAAAAA/0WNWw6CQBAEW/A5MfFQ6gW8wbDM4kQYyLKYeGcO4Xys8beqK01ADXrIxJqu45wBXE443y082fIglmdytj2i0haHOKa8mFSo+3fvZcG+a9W6gjcF02JNEn79zS8giVGDioVPMTt3+xsP3InfrfgCyLMnGJgAAAA\u003d"}},{"v":3839,"type":"NETHERITE_AXE","meta":{"meta-type":"UNSPECIFIC","enchants":{"minecraft:efficiency":4,"minecraft:mending":1,"minecraft:sharpness":5,"minecraft:unbreaking":3},"repair-cost":15,"Damage":311,"custom":"H4sIAAAAAAAA/0XKWw6CMBBG4R+KFxoTn12PugF3MJYBJsJAOtXE3dvEGl/Pdzzg4G+8ksTzYgnAscXhqmEkTTNrMp9bs0ctHVobKa7KZjXc9JqwwRd2+exEh5Krkv1T75Hp8Rf3E+57CcIa3kWabNsLzTQwUJ3wAYxiVIKaAAAA"}},{"v":3839,"type":"SCAFFOLDING","amount":32},{"v":3839,"type":"DIRT","amount":62},{"v":3839,"type":"BUCKET"},{"v":3839,"type":"WATER_BUCKET"},{"v":3839,"type":"COOKED_PORKCHOP","amount":18},{"v":3839,"type":"SCAFFOLDING","amount":38},{"v":3839,"type":"DIRT","amount":64},{"v":3839,"type":"NETHERITE_PICKAXE","meta":{"meta-type":"UNSPECIFIC","enchants":{"minecraft:efficiency":3,"minecraft:mending":1,"minecraft:silk_touch":1,"minecraft:unbreaking":3},"repair-cost":15,"Damage":740,"custom":"H4sIAAAAAAAA/12M0QqCQBBFr26UDUEfVf1APxDTOurgOoq7Cr316S0UBb2ec88lwIGuMrHOpzEmAMc9DhfzHVsaxFKkzDYVSq1Bi91n4V6tLeHCGnL8Nrs8rX+4+GCKGvpbGhff/RtpGvUq5h/fK4ftmQduBSieeAF3I7UmmwAAAA\u003d\u003d"}},{"v":3839,"type":"DIAMOND_HOE","meta":{"meta-type":"UNSPECIFIC","enchants":{"minecraft:efficiency":5,"minecraft:mending":1,"minecraft:silk_touch":1},"Damage":284}},{"v":3839,"type":"BOW","meta":{"meta-type":"UNSPECIFIC","enchants":{"minecraft:flame":1,"minecraft:infinity":1,"minecraft:power":5},"repair-cost":7,"Damage":15,"custom":"H4sIAAAAAAAA/z3KUQ6CMBBF0UebCjbsCtkAO5jooJO006ZtMO5eieL9PLkesPALZ5IypdoA9GeMs14fpC2ytuo/ZgcYuWEQXUWlvQxs2AI6fN3l9OTyQ3fgGijy/7Q4XSjSnbH3BmDIvZB4AAAA"}},{"v":3839,"type":"STONE_BRICKS","amount":64},{"v":3839,"type":"NETHERITE_BOOTS","meta":{"meta-type":"ARMOR","enchants":{"minecraft:mending":1,"minecraft:protection":4,"minecraft:unbreaking":3},"repair-cost":63,"Damage":9,"custom":"H4sIAAAAAAAA/0WMQQqDQBAEO26IOuTmgzxEP+APRh10UWdlneT9LiiEvlUVTYADdbKzj59wGIC6xLvVYWa1TdQOSswVyPwI2mMwGcwHzeDW34onLpOndPQ63fhxY/pqH4WXv3Fpr4Y3niT9VjgB1icyKoEAAAA\u003d","trim":{"material":"minecraft:amethyst","pattern":"minecraft:tide"}}},{"v":3839,"type":"NETHERITE_LEGGINGS","meta":{"meta-type":"ARMOR","enchants":{"minecraft:mending":1,"minecraft:protection":4,"minecraft:unbreaking":3},"repair-cost":31,"Damage":37,"custom":"H4sIAAAAAAAA/0WMQQqDQBAEO26IOuQDnnxM9AP+YNRBF3VW1kne74JC6FtV0QQ4UCc7+/gJhwGoS7xbHWZW20TtoMRcgcyPoD0Gk8F80Axu/a144jJ5Skev040fN6av9lF4+RuX9mp440nSb4UTw4MWU4EAAAA\u003d","trim":{"material":"minecraft:amethyst","pattern":"minecraft:tide"}}},{"v":3839,"type":"NETHERITE_CHESTPLATE","meta":{"meta-type":"ARMOR","enchants":{"minecraft:mending":1,"minecraft:protection":4,"minecraft:unbreaking":3},"repair-cost":63,"Damage":8,"custom":"H4sIAAAAAAAA/0WMQQqDQBAEO26IOuQHPsZD9AP+YNRBF3VW1kne74JC6FtV0QQ4UCc7+/gJhwGoS7xbHWZW20TtoMRcgcyPoD0Gk8F80Axu/a144jJ5Skev040fN6av9lF4+RuX9mp440nSb4UT3q3r4oEAAAA\u003d","trim":{"material":"minecraft:amethyst","pattern":"minecraft:tide"}}},{"v":3839,"type":"NETHERITE_HELMET","meta":{"meta-type":"ARMOR","enchants":{"minecraft:aqua_affinity":1,"minecraft:mending":1,"minecraft:protection":4,"minecraft:respiration":3,"minecraft:unbreaking":3},"repair-cost":127,"Damage":47,"custom":"H4sIAAAAAAAA/13OXQrCMBAE4LHxN+ohPIt6AS8ga5vWxXYTk63gk1c3YECRfZuPYdYCBvbkAnHc+6QAXitsjlJfSXRwosnmbLZExQ1siF5dreylgukfPab4yJbuI52pbVlYnwUnBdfRpcCRfnqm0CJPNCzdX8OOcomObl8x+eYHGqhz+Z8d3rh2NBG5AAAA","trim":{"material":"minecraft:amethyst","pattern":"minecraft:tide"}}}]}}}"
"2024-06-20T06:36:00Z";"DESTROY_CHEST";"{"chest":{"location":{"world":"nasu vally_nether","x":-10.0,"y":194.0,"z":40.0},"createdAt":1718865254188,"expireAt":1718868854188,"owner":{"name":"Lakshh007","op":false,"id":"dd485c7f-1fa8-31e8-94f9-227dca9720c3","entity-id":18584,"location":{"world":"nasu vally_nether","x":-11.17616159139204,"y":192.0,"z":41.79687969523615,"yaw":-120.30005,"pitch":-19.049955}},"isProtected":false,"inventory":{"type":"CHEST","size":18,"content":[]}},"reason":"PLAYER","extra":{"player":{"name":"Lakshh007","op":false,"id":"dd485c7f-1fa8-31e8-94f9-227dca9720c3","entity-id":18584,"location":{"world":"nasu vally_nether","x":-11.17616159139204,"y":192.0,"z":41.79687969523615,"yaw":-120.30005,"pitch":-19.049955}}}}"
"2024-06-20T06:46:26Z";"CREATE_CHEST";"{"chest":{"location":{"world":"nasu vally_nether","x":-7.0,"y":197.0,"z":40.0},"createdAt":1718865986191,"expireAt":1718869586191,"owner":{"name":"Lakshh007","op":false,"id":"dd485c7f-1fa8-31e8-94f9-227dca9720c3","entity-id":18584,"location":{"world":"nasu vally_nether","x":-6.242987876981104,"y":197.0,"z":40.45761420696135,"yaw":-27.604279,"pitch":17.699976}},"isProtected":false,"inventory":{"type":"CHEST","size":18,"content":[{"v":3839,"type":"SCAFFOLDING","amount":6},{"v":3839,"type":"COOKED_PORKCHOP","amount":17},{"v":3839,"type":"WATER_BUCKET"},{"v":3839,"type":"BUCKET"},{"v":3839,"type":"DIRT","amount":51},{"v":3839,"type":"SCAFFOLDING","amount":64},{"v":3839,"type":"NETHERITE_AXE","meta":{"meta-type":"UNSPECIFIC","enchants":{"minecraft:efficiency":4,"minecraft:mending":1,"minecraft:sharpness":5,"minecraft:unbreaking":3},"repair-cost":15,"Damage":311,"custom":"H4sIAAAAAAAA/0XKWw6CMBBG4R+KFxoTn12PugF3MJYBJsJAOtXE3dvEGl/Pdzzg4G+8ksTzYgnAscXhqmEkTTNrMp9bs0ctHVobKa7KZjXc9JqwwRd2+exEh5Krkv1T75Hp8Rf3E+57CcIa3kWabNsLzTQwUJ3wAYxiVIKaAAAA"}},{"v":3839,"type":"NETHERITE_PICKAXE","meta":{"meta-type":"UNSPECIFIC","enchants":{"minecraft:efficiency":5,"minecraft:fortune":3,"minecraft:mending":1,"minecraft:unbreaking":3},"repair-cost":15,"Damage":1443,"custom":"H4sIAAAAAAAA/0WNWw6CQBAEW/A5MfFQ6gW8wbDM4kQYyLKYeGcO4Xys8beqK01ADXrIxJqu45wBXE443y082fIglmdytj2i0haHOKa8mFSo+3fvZcG+a9W6gjcF02JNEn79zS8giVGDioVPMTt3+xsP3InfrfgCyLMnGJgAAAA\u003d"}},{"v":3839,"type":"NETHERITE_SWORD","meta":{"meta-type":"UNSPECIFIC","enchants":{"minecraft:fire_aspect":2,"minecraft:looting":3,"minecraft:mending":1,"minecraft:sharpness":5,"minecraft:sweeping_edge":3,"minecraft:unbreaking":3},"repair-cost":63,"custom":"H4sIAAAAAAAA/23OQQ7CIBCF4SfE2qJ3cqG9gBcwYzu2RAqEQb2sh5FEEl24/f5M3hhAw5w4kk2HIBnAvsOu98NMPi/ss5hiTQtlR3QyU4qeRRS0ezis8Qnbq018Jok85JpUTa08maP1U3VdfeNCyH+4bI5fXlU2d39JTLffA43mSAtNXB584Q1tcjmJygAAAA\u003d\u003d"}},{"v":3839,"type":"DIRT","amount":62},{"v":3839,"type":"NETHERITE_PICKAXE","meta":{"meta-type":"UNSPECIFIC","enchants":{"minecraft:efficiency":3,"minecraft:mending":1,"minecraft:silk_touch":1,"minecraft:unbreaking":3},"repair-cost":15,"Damage":740,"custom":"H4sIAAAAAAAA/12M0QqCQBBFr26UDUEfVf1APxDTOurgOoq7Cr316S0UBb2ec88lwIGuMrHOpzEmAMc9DhfzHVsaxFKkzDYVSq1Bi91n4V6tLeHCGnL8Nrs8rX+4+GCKGvpbGhff/RtpGvUq5h/fK4ftmQduBSieeAF3I7UmmwAAAA\u003d\u003d"}},{"v":3839,"type":"DIAMOND_HOE","meta":{"meta-type":"UNSPECIFIC","enchants":{"minecraft:efficiency":5,"minecraft:mending":1,"minecraft:silk_touch":1},"Damage":284}},{"v":3839,"type":"NETHERITE_CHESTPLATE","meta":{"meta-type":"ARMOR","enchants":{"minecraft:mending":1,"minecraft:protection":4,"minecraft:unbreaking":3},"repair-cost":63,"Damage":8,"custom":"H4sIAAAAAAAA/0WMQQqDQBAEO26IOuQHPsZD9AP+YNRBF3VW1kne74JC6FtV0QQ4UCc7+/gJhwGoS7xbHWZW20TtoMRcgcyPoD0Gk8F80Axu/a144jJ5Skev040fN6av9lF4+RuX9mp440nSb4UT3q3r4oEAAAA\u003d","trim":{"material":"minecraft:amethyst","pattern":"minecraft:tide"}}},{"v":3839,"type":"NETHERITE_LEGGINGS","meta":{"meta-type":"ARMOR","enchants":{"minecraft:mending":1,"minecraft:protection":4,"minecraft:unbreaking":3},"repair-cost":31,"Damage":37,"custom":"H4sIAAAAAAAA/0WMQQqDQBAEO26IOuQDnnxM9AP+YNRBF3VW1kne74JC6FtV0QQ4UCc7+/gJhwGoS7xbHWZW20TtoMRcgcyPoD0Gk8F80Axu/a144jJ5Skev040fN6av9lF4+RuX9mp440nSb4UTw4MWU4EAAAA\u003d","trim":{"material":"minecraft:amethyst","pattern":"minecraft:tide"}}},{"v":3839,"type":"NETHERITE_BOOTS","meta":{"meta-type":"ARMOR","enchants":{"minecraft:mending":1,"minecraft:protection":4,"minecraft:unbreaking":3},"repair-cost":63,"Damage":9,"custom":"H4sIAAAAAAAA/0WMQQqDQBAEO26IOuTmgzxEP+APRh10UWdlneT9LiiEvlUVTYADdbKzj59wGIC6xLvVYWa1TdQOSswVyPwI2mMwGcwHzeDW34onLpOndPQ63fhxY/pqH4WXv3Fpr4Y3niT9VjgB1icyKoEAAAA\u003d","trim":{"material":"minecraft:amethyst","pattern":"minecraft:tide"}}},{"v":3839,"type":"STONE_BRICKS","amount":64},{"v":3839,"type":"BOW","meta":{"meta-type":"UNSPECIFIC","enchants":{"minecraft:flame":1,"minecraft:infinity":1,"minecraft:power":5},"repair-cost":7,"Damage":15,"custom":"H4sIAAAAAAAA/z3KUQ6CMBBF0UebCjbsCtkAO5jooJO006ZtMO5eieL9PLkesPALZ5IypdoA9GeMs14fpC2ytuo/ZgcYuWEQXUWlvQxs2AI6fN3l9OTyQ3fgGijy/7Q4XSjSnbH3BmDIvZB4AAAA"}},{"v":3839,"type":"NETHERITE_HELMET","meta":{"meta-type":"ARMOR","enchants":{"minecraft:aqua_affinity":1,"minecraft:mending":1,"minecraft:protection":4,"minecraft:respiration":3,"minecraft:unbreaking":3},"repair-cost":127,"Damage":47,"custom":"H4sIAAAAAAAA/13OXQrCMBAE4LHxN+ohPIt6AS8ga5vWxXYTk63gk1c3YECRfZuPYdYCBvbkAnHc+6QAXitsjlJfSXRwosnmbLZExQ1siF5dreylgukfPab4yJbuI52pbVlYnwUnBdfRpcCRfnqm0CJPNCzdX8OOcomObl8x+eYHGqhz+Z8d3rh2NBG5AAAA","trim":{"material":"minecraft:amethyst","pattern":"minecraft:tide"}}}]}}}"
"2024-06-20T06:49:03Z";"DESTROY_CHEST";"{"chest":{"location":{"world":"nasu vally_nether","x":-7.0,"y":197.0,"z":40.0},"createdAt":1718865986191,"expireAt":1718869586191,"owner":{"name":"Lakshh007","op":false,"id":"dd485c7f-1fa8-31e8-94f9-227dca9720c3","entity-id":18584,"location":{"world":"nasu vally_nether","x":-8.865993090258332,"y":196.5,"z":40.04232799875693,"yaw":-80.54959,"pitch":20.40009}},"isProtected":false,"inventory":{"type":"CHEST","size":18,"content":[]}},"reason":"PLAYER","extra":{"player":{"name":"Lakshh007","op":false,"id":"dd485c7f-1fa8-31e8-94f9-227dca9720c3","entity-id":18584,"location":{"world":"nasu vally_nether","x":-8.865993090258332,"y":196.5,"z":40.04232799875693,"yaw":-80.54959,"pitch":20.40009}}}}"
"2024-06-20T10:12:04Z";"CREATE_CHEST";"{"chest":{"location":{"world":"nasu vally_nether","x":-125.0,"y":192.0,"z":45.0},"createdAt":1718878324108,"expireAt":1718881924108,"owner":{"name":"PuneetD","op":false,"id":"d9d68f13-d608-35c3-9cc9-60dd58905161","entity-id":17537,"location":{"world":"nasu vally_nether","x":-124.2333820853301,"y":192.0,"z":45.07794482753561,"yaw":91.048584,"pitch":85.79998}},"isProtected":false,"inventory":{"type":"CHEST","size":18,"content":[{"v":3839,"type":"KELP","amount":3},{"v":3839,"type":"CRIMSON_FUNGUS"},{"v":3839,"type":"COOKED_BEEF","amount":47},{"v":3839,"type":"FLINT_AND_STEEL","meta":{"meta-type":"UNSPECIFIC","Damage":1}},{"v":3839,"type":"DIAMOND_SWORD","meta":{"meta-type":"UNSPECIFIC","enchants":{"minecraft:looting":3,"minecraft:mending":1,"minecraft:sharpness":4},"repair-cost":1,"Damage":1}},{"v":3839,"type":"DIAMOND_PICKAXE","meta":{"meta-type":"UNSPECIFIC","enchants":{"minecraft:fortune":2,"minecraft:mending":1},"repair-cost":3,"Damage":2}},{"v":3839,"type":"PUMPKIN","amount":11},{"v":3839,"type":"WHEAT","amount":42},{"v":3839,"type":"DIRT"},{"v":3839,"type":"WHEAT_SEEDS","amount":57},{"v":3839,"type":"BOOK","amount":15},{"v":3839,"type":"GOLDEN_BOOTS","meta":{"meta-type":"ARMOR","Damage":72}},{"v":3839,"type":"DIAMOND_LEGGINGS","meta":{"meta-type":"ARMOR","Damage":224}},{"v":3839,"type":"DIAMOND_CHESTPLATE","meta":{"meta-type":"ARMOR","Damage":222}},{"v":3839,"type":"DIAMOND_HELMET","meta":{"meta-type":"ARMOR","enchants":{"minecraft:fire_protection":3,"minecraft:mending":1,"minecraft:respiration":3,"minecraft:unbreaking":3},"repair-cost":1,"Damage":2}},{"v":3839,"type":"SHIELD","meta":{"meta-type":"TILE_ENTITY","Damage":68,"blockMaterial":"SHIELD"}}]}}}"
"2024-06-20T10:14:22Z";"DESTROY_CHEST";"{"chest":{"location":{"world":"nasu vally_nether","x":-125.0,"y":192.0,"z":45.0},"createdAt":1718878324108,"expireAt":1718881924108,"owner":{"name":"PuneetD","op":false,"id":"d9d68f13-d608-35c3-9cc9-60dd58905161","entity-id":17537,"location":{"world":"nasu vally_nether","x":-123.13131123516986,"y":192.0,"z":45.96509120947336,"yaw":98.7001,"pitch":43.349903}},"isProtected":false,"inventory":{"type":"CHEST","size":18,"content":[]}},"reason":"PLAYER","extra":{"player":{"name":"PuneetD","op":false,"id":"d9d68f13-d608-35c3-9cc9-60dd58905161","entity-id":17537,"location":{"world":"nasu vally_nether","x":-123.13131123516986,"y":192.0,"z":45.96509120947336,"yaw":98.7001,"pitch":43.349903}}}}"
"2024-06-20T10:35:13Z";"CREATE_CHEST";"{"chest":{"location":{"world":"nasu vally_nether","x":-131.0,"y":200.0,"z":42.0},"createdAt":1718879713809,"expireAt":1718883313809,"owner":{"name":"PuneetD","op":false,"id":"d9d68f13-d608-35c3-9cc9-60dd58905161","entity-id":21532,"location":{"world":"nasu vally_nether","x":-130.28433191818965,"y":200.0,"z":42.46221438393899,"yaw":-15.314331,"pitch":90.0}},"isProtected":false,"inventory":{"type":"CHEST","size":27,"content":[{"v":3839,"type":"ROTTEN_FLESH"},{"v":3839,"type":"KELP","amount":3},{"v":3839,"type":"CRIMSON_FUNGUS"},{"v":3839,"type":"MAGMA_BLOCK","amount":3},{"v":3839,"type":"COOKED_BEEF","amount":45},{"v":3839,"type":"SCAFFOLDING","amount":2},{"v":3839,"type":"DIAMOND_SWORD","meta":{"meta-type":"UNSPECIFIC","enchants":{"minecraft:looting":3,"minecraft:mending":1,"minecraft:sharpness":4},"repair-cost":1,"Damage":1}},{"v":3839,"type":"POLISHED_DEEPSLATE"},{"v":3839,"type":"COBBLED_DEEPSLATE"},{"v":3839,"type":"DIAMOND_PICKAXE","meta":{"meta-type":"UNSPECIFIC","enchants":{"minecraft:fortune":2,"minecraft:mending":1},"repair-cost":3,"Damage":2}},{"v":3839,"type":"WHEAT_SEEDS","amount":57},{"v":3839,"type":"BOOK","amount":15},{"v":3839,"type":"DIRT"},{"v":3839,"type":"WHEAT","amount":42},{"v":3839,"type":"PUMPKIN","amount":11},{"v":3839,"type":"FLINT_AND_STEEL","meta":{"meta-type":"UNSPECIFIC","Damage":1}},{"v":3839,"type":"GOLDEN_BOOTS","meta":{"meta-type":"ARMOR","enchants":{"minecraft:frost_walker":2},"repair-cost":1,"Damage":2,"custom":"H4sIAAAAAAAA/+NiYGBmYHNJzE1MT2UAAQCogW6XEQAAAA\u003d\u003d"}},{"v":3839,"type":"DIAMOND_LEGGINGS","meta":{"meta-type":"ARMOR","Damage":229}},{"v":3839,"type":"DIAMOND_CHESTPLATE","meta":{"meta-type":"ARMOR","Damage":227}},{"v":3839,"type":"DIAMOND_HELMET","meta":{"meta-type":"ARMOR","enchants":{"minecraft:fire_protection":3,"minecraft:mending":1,"minecraft:respiration":3,"minecraft:unbreaking":3},"repair-cost":1,"Damage":6}},{"v":3839,"type":"SHIELD","meta":{"meta-type":"TILE_ENTITY","Damage":68,"blockMaterial":"SHIELD"}}]}}}"
"2024-06-20T10:38:24Z";"DESTROY_CHEST";"{"chest":{"location":{"world":"nasu vally_nether","x":-131.0,"y":200.0,"z":42.0},"createdAt":1718879713809,"expireAt":1718883313809,"owner":{"name":"PuneetD","op":false,"id":"d9d68f13-d608-35c3-9cc9-60dd58905161","entity-id":21532,"location":{"world":"nasu vally_nether","x":-128.1183301419949,"y":197.5,"z":43.79630384265337,"yaw":111.44945,"pitch":-27.000334}},"isProtected":false,"inventory":{"type":"CHEST","size":27,"content":[]}},"reason":"PLAYER","extra":{"player":{"name":"PuneetD","op":false,"id":"d9d68f13-d608-35c3-9cc9-60dd58905161","entity-id":21532,"location":{"world":"nasu vally_nether","x":-128.1183301419949,"y":197.5,"z":43.79630384265337,"yaw":111.44945,"pitch":-27.000334}}}}"
"2024-06-20T11:11:25Z";"CREATE_CHEST";"{"chest":{"location":{"world":"nasu vally_nether","x":-92.0,"y":192.0,"z":62.0},"createdAt":1718881885916,"expireAt":1718885485916,"owner":{"name":"Festerrr","op":false,"id":"69846b66-f868-39d5-a2ce-38e5a6b51761","entity-id":8449,"location":{"world":"nasu vally_nether","x":-91.04005461316095,"y":192.0,"z":62.18976120434419,"yaw":128.85449,"pitch":78.563705}},"isProtected":false,"inventory":{"type":"CHEST","size":36,"content":[{"v":3839,"type":"DIAMOND_SWORD","meta":{"meta-type":"UNSPECIFIC","enchants":{"minecraft:looting":3,"minecraft:mending":1,"minecraft:sharpness":5,"minecraft:unbreaking":3},"repair-cost":15}},{"v":3839,"type":"PORKCHOP","amount":3},{"v":3839,"type":"COBBLESTONE","amount":51},{"v":3839,"type":"TORCH","amount":21},{"v":3839,"type":"DIAMOND_PICKAXE","meta":{"meta-type":"UNSPECIFIC","display-name":"\"Fester\u0027s Pickaxe\"","enchants":{"minecraft:efficiency":5,"minecraft:fortune":3,"minecraft:mending":1,"minecraft:unbreaking":3},"repair-cost":3,"Damage":266}},{"v":3839,"type":"POLISHED_DEEPSLATE","amount":37},{"v":3839,"type":"SCAFFOLDING","amount":2},{"v":3839,"type":"COOKED_MUTTON","amount":4},{"v":3839,"type":"STONE","amount":3},{"v":3839,"type":"SPRUCE_TRAPDOOR","amount":2},{"v":3839,"type":"BLACKSTONE","amount":2},{"v":3839,"type":"STICK","amount":14},{"v":3839,"type":"DIAMOND_CHESTPLATE","meta":{"meta-type":"ARMOR","enchants":{"minecraft:mending":1,"minecraft:protection":4,"minecraft:thorns":3,"minecraft:unbreaking":3},"repair-cost":7,"Damage":4}},{"v":3839,"type":"WEEPING_VINES"},{"v":3839,"type":"IRON_AXE","meta":{"meta-type":"UNSPECIFIC","Damage":117}},{"v":3839,"type":"BAMBOO","amount":64},{"v":3839,"type":"STONE_BRICKS","amount":5},{"v":3839,"type":"CARROT","amount":2},{"v":3839,"type":"STONE_PICKAXE","meta":{"meta-type":"UNSPECIFIC","Damage":57}},{"v":3839,"type":"PHANTOM_MEMBRANE"},{"v":3839,"type":"CRIMSON_ROOTS","amount":4},{"v":3839,"type":"NETHERRACK"},{"v":3839,"type":"STONE_SWORD","meta":{"meta-type":"UNSPECIFIC","Damage":88}},{"v":3839,"type":"BAMBOO","amount":64},{"v":3839,"type":"COOKED_BEEF","amount":2},{"v":3839,"type":"COOKED_PORKCHOP","amount":14},{"v":3839,"type":"DIAMOND_BOOTS","meta":{"meta-type":"ARMOR","enchants":{"minecraft:frost_walker":2,"minecraft:mending":1,"minecraft:protection":4,"minecraft:thorns":3,"minecraft:unbreaking":3},"repair-cost":7}},{"v":3839,"type":"DIAMOND_LEGGINGS","meta":{"meta-type":"ARMOR","enchants":{"minecraft:mending":1,"minecraft:protection":4,"minecraft:thorns":3,"minecraft:unbreaking":3},"repair-cost":3}},{"v":3839,"type":"GOLDEN_CHESTPLATE","meta":{"meta-type":"ARMOR","enchants":{"minecraft:unbreaking":2},"Damage":100}},{"v":3839,"type":"DIAMOND_HELMET","meta":{"meta-type":"ARMOR","display-name":"\"Fester\u0027s Helmet\"","enchants":{"minecraft:mending":1,"minecraft:protection":4,"minecraft:respiration":3,"minecraft:thorns":3,"minecraft:unbreaking":3},"repair-cost":3}},{"v":3839,"type":"SHIELD","meta":{"meta-type":"TILE_ENTITY","Damage":46,"blockMaterial":"SHIELD"}}]}}}"
"2024-06-20T11:13:23Z";"DESTROY_CHEST";"{"chest":{"location":{"world":"nasu vally_nether","x":-92.0,"y":192.0,"z":62.0},"createdAt":1718881885916,"expireAt":1718885485916,"owner":{"name":"Festerrr","op":false,"id":"69846b66-f868-39d5-a2ce-38e5a6b51761","entity-id":8449,"location":{"world":"nasu vally_nether","x":-90.34718805800956,"y":192.0,"z":62.3538292652421,"yaw":72.03049,"pitch":34.4515}},"isProtected":false,"inventory":{"type":"CHEST","size":36,"content":[]}},"reason":"PLAYER","extra":{"player":{"name":"Festerrr","op":false,"id":"69846b66-f868-39d5-a2ce-38e5a6b51761","entity-id":8449,"location":{"world":"nasu vally_nether","x":-90.34718805800956,"y":192.0,"z":62.3538292652421,"yaw":72.03049,"pitch":34.4515}}}}"
"2024-06-20T12:19:34Z";"CREATE_CHEST";"{"chest":{"location":{"world":"nasu vally_nether","x":-127.0,"y":202.0,"z":42.0},"createdAt":1718885974537,"expireAt":1718889574537,"owner":{"name":"PuneetD","op":false,"id":"d9d68f13-d608-35c3-9cc9-60dd58905161","entity-id":42822,"location":{"world":"nasu vally_nether","x":-126.62532850442298,"y":202.0625,"z":42.69999998807907,"yaw":-14.699768,"pitch":81.90002}},"isProtected":false,"inventory":{"type":"CHEST","size":18,"content":[{"v":3839,"type":"COOKED_BEEF","amount":35},{"v":3839,"type":"DIAMOND_PICKAXE","meta":{"meta-type":"UNSPECIFIC","enchants":{"minecraft:fortune":2,"minecraft:mending":1},"repair-cost":3}},{"v":3839,"type":"PORKCHOP","amount":4},{"v":3839,"type":"LEATHER"},{"v":3839,"type":"MAGMA_BLOCK","amount":8},{"v":3839,"type":"DIAMOND_SWORD","meta":{"meta-type":"UNSPECIFIC","enchants":{"minecraft:looting":3,"minecraft:mending":1,"minecraft:sharpness":4},"repair-cost":1}},{"v":3839,"type":"TORCH"},{"v":3839,"type":"GOLDEN_BOOTS","meta":{"meta-type":"ARMOR","enchants":{"minecraft:frost_walker":2},"repair-cost":1,"Damage":13,"custom":"H4sIAAAAAAAA/+NiYGBmYHNJzE1MT2UAAQCogW6XEQAAAA\u003d\u003d"}},{"v":3839,"type":"DIAMOND_LEGGINGS","meta":{"meta-type":"ARMOR","Damage":246}},{"v":3839,"type":"DIAMOND_CHESTPLATE","meta":{"meta-type":"ARMOR","Damage":244}},{"v":3839,"type":"DIAMOND_HELMET","meta":{"meta-type":"ARMOR","enchants":{"minecraft:fire_protection":3,"minecraft:mending":1,"minecraft:respiration":3,"minecraft:unbreaking":3},"repair-cost":1}},{"v":3839,"type":"SHIELD","meta":{"meta-type":"TILE_ENTITY","Damage":68,"blockMaterial":"SHIELD"}}]}}}"
"2024-06-20T12:22:45Z";"DESTROY_CHEST";"{"chest":{"location":{"world":"nasu vally_nether","x":-127.0,"y":202.0,"z":42.0},"createdAt":1718885974537,"expireAt":1718889574537,"owner":{"name":"PuneetD","op":false,"id":"d9d68f13-d608-35c3-9cc9-60dd58905161","entity-id":42822,"location":{"world":"nasu vally_nether","x":-125.69999998807907,"y":203.5,"z":43.05000001192093,"yaw":137.39801,"pitch":64.04997}},"isProtected":false,"inventory":{"type":"CHEST","size":18,"content":[]}},"reason":"PLAYER","extra":{"player":{"name":"PuneetD","op":false,"id":"d9d68f13-d608-35c3-9cc9-60dd58905161","entity-id":42822,"location":{"world":"nasu vally_nether","x":-125.69999998807907,"y":203.5,"z":43.05000001192093,"yaw":137.39801,"pitch":64.04997}}}}"
"2024-06-20T12:26:30Z";"CREATE_CHEST";"{"chest":{"location":{"world":"nasu vally_nether","x":-124.0,"y":227.0,"z":44.0},"createdAt":1718886390268,"expireAt":1718889990268,"owner":{"name":"PuneetD","op":false,"id":"d9d68f13-d608-35c3-9cc9-60dd58905161","entity-id":42822,"location":{"world":"nasu vally_nether","x":-122.8787010106369,"y":227.42527412219724,"z":46.440596165249616,"yaw":-10.053741,"pitch":31.200012}},"isProtected":false,"inventory":{"type":"CHEST","size":18,"content":[{"v":3839,"type":"DIAMOND_SWORD","meta":{"meta-type":"UNSPECIFIC","enchants":{"minecraft:looting":3,"minecraft:mending":1,"minecraft:sharpness":4},"repair-cost":1,"Damage":1}},{"v":3839,"type":"TORCH"},{"v":3839,"type":"CHICKEN"},{"v":3839,"type":"MAGMA_BLOCK","amount":8},{"v":3839,"type":"LEATHER"},{"v":3839,"type":"PORKCHOP","amount":4},{"v":3839,"type":"COOKED_BEEF","amount":35},{"v":3839,"type":"DIAMOND_PICKAXE","meta":{"meta-type":"UNSPECIFIC","enchants":{"minecraft:fortune":2,"minecraft:mending":1},"repair-cost":3}},{"v":3839,"type":"GOLDEN_BOOTS","meta":{"meta-type":"ARMOR","enchants":{"minecraft:frost_walker":2},"repair-cost":1,"Damage":25,"custom":"H4sIAAAAAAAA/+NiYGBmYHNJzE1MT2UAAQCogW6XEQAAAA\u003d\u003d"}},{"v":3839,"type":"DIAMOND_LEGGINGS","meta":{"meta-type":"ARMOR","Damage":258}},{"v":3839,"type":"DIAMOND_CHESTPLATE","meta":{"meta-type":"ARMOR","Damage":256}},{"v":3839,"type":"DIAMOND_HELMET","meta":{"meta-type":"ARMOR","enchants":{"minecraft:fire_protection":3,"minecraft:mending":1,"minecraft:respiration":3,"minecraft:unbreaking":3},"repair-cost":1,"Damage":9}},{"v":3839,"type":"SHIELD","meta":{"meta-type":"TILE_ENTITY","Damage":68,"blockMaterial":"SHIELD"}}]}}}"
"2024-06-20T12:30:22Z";"DESTROY_CHEST";"{"chest":{"location":{"world":"nasu vally_nether","x":-124.0,"y":227.0,"z":44.0},"createdAt":1718886390268,"expireAt":1718889990268,"owner":{"name":"PuneetD","op":false,"id":"d9d68f13-d608-35c3-9cc9-60dd58905161","entity-id":42822,"location":{"world":"nasu vally_nether","x":-122.49699477128591,"y":226.00031586456188,"z":44.329802894669406,"yaw":88.94443,"pitch":-20.099976}},"isProtected":false,"inventory":{"type":"CHEST","size":18,"content":[]}},"reason":"PLAYER","extra":{"player":{"name":"PuneetD","op":false,"id":"d9d68f13-d608-35c3-9cc9-60dd58905161","entity-id":42822,"location":{"world":"nasu vally_nether","x":-122.49699477128591,"y":226.00031586456188,"z":44.329802894669406,"yaw":88.94443,"pitch":-20.099976}}}}"
"2024-06-20T15:29:25Z";"CREATE_CHEST";"{"chest":{"location":{"world":"nasu vally_nether","x":-139.0,"y":227.0,"z":42.0},"createdAt":1718897365195,"expireAt":1718900965195,"owner":{"name":"PuneetD","op":false,"id":"d9d68f13-d608-35c3-9cc9-60dd58905161","entity-id":10077,"location":{"world":"nasu vally_nether","x":-137.9232926293036,"y":227.0,"z":42.813573308128284,"yaw":-86.38211,"pitch":35.249935}},"isProtected":false,"inventory":{"type":"CHEST","size":18,"content":[{"v":3839,"type":"DIRT","amount":62},{"v":3839,"type":"BOOK","amount":9},{"v":3839,"type":"TORCH"},{"v":3839,"type":"DIAMOND_SWORD","meta":{"meta-type":"UNSPECIFIC","enchants":{"minecraft:looting":3,"minecraft:mending":1,"minecraft:sharpness":4},"repair-cost":1,"Damage":5}},{"v":3839,"type":"BREAD","amount":50},{"v":3839,"type":"GOLDEN_BOOTS","meta":{"meta-type":"ARMOR","enchants":{"minecraft:frost_walker":2},"repair-cost":1,"Damage":73,"custom":"H4sIAAAAAAAA/+NiYGBmYHNJzE1MT2UAAQCogW6XEQAAAA\u003d\u003d"}},{"v":3839,"type":"DIAMOND_LEGGINGS","meta":{"meta-type":"ARMOR","Damage":326}},{"v":3839,"type":"DIAMOND_CHESTPLATE","meta":{"meta-type":"ARMOR","Damage":324}},{"v":3839,"type":"DIAMOND_HELMET","meta":{"meta-type":"ARMOR","enchants":{"minecraft:fire_protection":3,"minecraft:mending":1,"minecraft:respiration":3,"minecraft:unbreaking":3},"repair-cost":1,"Damage":10}},{"v":3839,"type":"GOLD_NUGGET","amount":38}]}}}"
"2024-06-20T15:34:16Z";"DESTROY_CHEST";"{"chest":{"location":{"world":"nasu vally_nether","x":-139.0,"y":227.0,"z":42.0},"createdAt":1718897365195,"expireAt":1718900965195,"owner":{"name":"PuneetD","op":false,"id":"d9d68f13-d608-35c3-9cc9-60dd58905161","entity-id":10077,"location":{"world":"nasu vally_nether","x":-138.6453804252137,"y":229.5,"z":41.35572888235682,"yaw":1.8026733,"pitch":66.000084}},"isProtected":false,"inventory":{"type":"CHEST","size":18,"content":[]}},"reason":"PLAYER","extra":{"player":{"name":"PuneetD","op":false,"id":"d9d68f13-d608-35c3-9cc9-60dd58905161","entity-id":10077,"location":{"world":"nasu vally_nether","x":-138.6453804252137,"y":229.5,"z":41.35572888235682,"yaw":1.8026733,"pitch":66.000084}}}}"
"2024-06-20T15:40:10Z";"CREATE_CHEST";"{"chest":{"location":{"world":"nasu vally_nether","x":-130.0,"y":228.0,"z":36.0},"createdAt":1718898010331,"expireAt":1718901610331,"owner":{"name":"PuneetD","op":false,"id":"d9d68f13-d608-35c3-9cc9-60dd58905161","entity-id":10077,"location":{"world":"nasu vally_nether","x":-129.30000001192093,"y":228.0,"z":36.323676898621336,"yaw":75.60126,"pitch":14.250015}},"isProtected":false,"inventory":{"type":"CHEST","size":27,"content":[{"v":3839,"type":"ROTTEN_FLESH","amount":64},{"v":3839,"type":"GOLD_NUGGET","amount":64},{"v":3839,"type":"GOLDEN_SWORD","meta":{"meta-type":"UNSPECIFIC","Damage":32}},{"v":3839,"type":"DIAMOND_SWORD","meta":{"meta-type":"UNSPECIFIC","enchants":{"minecraft:looting":3,"minecraft:mending":1,"minecraft:sharpness":4},"repair-cost":1}},{"v":3839,"type":"TORCH"},{"v":3839,"type":"BOOK","amount":9},{"v":3839,"type":"GOLDEN_SWORD","meta":{"meta-type":"UNSPECIFIC","enchants":{"minecraft:smite":3},"Damage":20}},{"v":3839,"type":"GOLD_NUGGET","amount":64},{"v":3839,"type":"DIRT","amount":44},{"v":3839,"type":"GOLDEN_SWORD","meta":{"meta-type":"UNSPECIFIC","Damage":32}},{"v":3839,"type":"GOLDEN_SWORD","meta":{"meta-type":"UNSPECIFIC","Damage":18}},{"v":3839,"type":"GOLD_INGOT","amount":3},{"v":3839,"type":"GOLDEN_SWORD","meta":{"meta-type":"UNSPECIFIC","Damage":24}},{"v":3839,"type":"GOLD_NUGGET","amount":64},{"v":3839,"type":"ROTTEN_FLESH","amount":64},{"v":3839,"type":"GOLD_NUGGET","amount":4},{"v":3839,"type":"ROTTEN_FLESH","amount":25},{"v":3839,"type":"BREAD","amount":50},{"v":3839,"type":"GOLDEN_BOOTS","meta":{"meta-type":"ARMOR","enchants":{"minecraft:frost_walker":2},"repair-cost":1,"Damage":76,"custom":"H4sIAAAAAAAA/+NiYGBmYHNJzE1MT2UAAQCogW6XEQAAAA\u003d\u003d"}},{"v":3839,"type":"DIAMOND_LEGGINGS","meta":{"meta-type":"ARMOR","Damage":329}},{"v":3839,"type":"DIAMOND_CHESTPLATE","meta":{"meta-type":"ARMOR","Damage":327}},{"v":3839,"type":"DIAMOND_HELMET","meta":{"meta-type":"ARMOR","enchants":{"minecraft:fire_protection":3,"minecraft:mending":1,"minecraft:respiration":3,"minecraft:unbreaking":3},"repair-cost":1,"Damage":3}},{"v":3839,"type":"DIRT","amount":56}]}}}"
"2024-06-20T15:42:43Z";"DESTROY_CHEST";"{"chest":{"location":{"world":"nasu vally_nether","x":-130.0,"y":228.0,"z":36.0},"createdAt":1718898010331,"expireAt":1718901610331,"owner":{"name":"PuneetD","op":false,"id":"d9d68f13-d608-35c3-9cc9-60dd58905161","entity-id":10077,"location":{"world":"nasu vally_nether","x":-23.51249998807907,"y":147.31760171890465,"z":44.46048862823881,"yaw":83.99942,"pitch":-77.25006}},"isProtected":false,"inventory":{"type":"CHEST","size":27,"content":[]}},"reason":"BREAK","extra":{"player":{"name":"Self_lakshh","op":true,"id":"99cd88bd-5901-3c4f-b1f7-a4325c04aef0","entity-id":8977,"location":{"world":"nasu vally_nether","x":-128.93841058229728,"y":228.875,"z":36.70074133507843,"yaw":168.18475,"pitch":64.49985}}}}"
"2024-06-20T17:24:51Z";"CREATE_CHEST";"{"chest":{"location":{"world":"nasu vally_nether","x":-122.0,"y":227.0,"z":44.0},"createdAt":1718904291750,"expireAt":1718907891750,"owner":{"name":"Lakshh007","op":false,"id":"dd485c7f-1fa8-31e8-94f9-227dca9720c3","entity-id":54165,"location":{"world":"nasu vally_nether","x":-121.45175869361842,"y":226.32159997463225,"z":44.5916668998124,"yaw":47.764526,"pitch":75.000114}},"isProtected":false,"inventory":{"type":"CHEST","size":36,"content":[{"v":3839,"type":"NETHERITE_SWORD","meta":{"meta-type":"UNSPECIFIC","enchants":{"minecraft:fire_aspect":2,"minecraft:looting":3,"minecraft:mending":1,"minecraft:sharpness":5,"minecraft:sweeping_edge":3,"minecraft:unbreaking":3},"repair-cost":63,"custom":"H4sIAAAAAAAA/23OQQ7CIBCF4SfE2qJ3cqG9gBcwYzu2RAqEQb2sh5FEEl24/f5M3hhAw5w4kk2HIBnAvsOu98NMPi/ss5hiTQtlR3QyU4qeRRS0ezis8Qnbq018Jok85JpUTa08maP1U3VdfeNCyH+4bI5fXlU2d39JTLffA43mSAtNXB584Q1tcjmJygAAAA\u003d\u003d"}},{"v":3839,"type":"NETHERITE_PICKAXE","meta":{"meta-type":"UNSPECIFIC","enchants":{"minecraft:efficiency":5,"minecraft:fortune":3,"minecraft:mending":1,"minecraft:unbreaking":3},"repair-cost":15,"Damage":4,"custom":"H4sIAAAAAAAA/0WNWw6CQBAEW/A5MfFQ6gW8wbDM4kQYyLKYeGcO4Xys8beqK01ADXrIxJqu45wBXE443y082fIglmdytj2i0haHOKa8mFSo+3fvZcG+a9W6gjcF02JNEn79zS8giVGDioVPMTt3+xsP3InfrfgCyLMnGJgAAAA\u003d"}},{"v":3839,"type":"NETHERITE_AXE","meta":{"meta-type":"UNSPECIFIC","enchants":{"minecraft:efficiency":4,"minecraft:mending":1,"minecraft:sharpness":5,"minecraft:unbreaking":3},"repair-cost":15,"Damage":107,"custom":"H4sIAAAAAAAA/0XKWw6CMBBG4R+KFxoTn12PugF3MJYBJsJAOtXE3dvEGl/Pdzzg4G+8ksTzYgnAscXhqmEkTTNrMp9bs0ctHVobKa7KZjXc9JqwwRd2+exEh5Krkv1T75Hp8Rf3E+57CcIa3kWabNsLzTQwUJ3wAYxiVIKaAAAA"}},{"v":3839,"type":"GOLDEN_SWORD","meta":{"meta-type":"UNSPECIFIC","Damage":29}},{"v":3839,"type":"BOW","meta":{"meta-type":"UNSPECIFIC","enchants":{"minecraft:flame":1,"minecraft:infinity":1,"minecraft:power":5},"repair-cost":7,"Damage":36,"custom":"H4sIAAAAAAAA/z3KUQ6CMBBF0UebCjbsCtkAO5jooJO006ZtMO5eieL9PLkesPALZ5IypdoA9GeMs14fpC2ytuo/ZgcYuWEQXUWlvQxs2AI6fN3l9OTyQ3fgGijy/7Q4XSjSnbH3BmDIvZB4AAAA"}},{"v":3839,"type":"DIRT","amount":2},{"v":3839,"type":"NETHERRACK","amount":58},{"v":3839,"type":"ARROW","amount":24},{"v":3839,"type":"COOKED_PORKCHOP","amount":36},{"v":3839,"type":"PUMPKIN"},{"v":3839,"type":"MAGMA_BLOCK","amount":64},{"v":3839,"type":"DEEPSLATE_BRICK_WALL","amount":15},{"v":3839,"type":"GOLD_INGOT","amount":2},{"v":3839,"type":"ROTTEN_FLESH","amount":58},{"v":3839,"type":"SOUL_TORCH","amount":2},{"v":3839,"type":"GOLD_NUGGET","amount":51},{"v":3839,"type":"GOLDEN_SWORD","meta":{"meta-type":"UNSPECIFIC","Damage":31}},{"v":3839,"type":"GOLDEN_SWORD","meta":{"meta-type":"UNSPECIFIC","Damage":25}},{"v":3839,"type":"GOLDEN_SWORD","meta":{"meta-type":"UNSPECIFIC","Damage":32}},{"v":3839,"type":"IRON_INGOT","amount":4},{"v":3839,"type":"IRON_BLOCK","amount":45},{"v":3839,"type":"QUARTZ","amount":36,"meta":{"meta-type":"UNSPECIFIC","display-name":"\"Filter Item\""}},{"v":3839,"type":"NETHERITE_PICKAXE","meta":{"meta-type":"UNSPECIFIC","enchants":{"minecraft:efficiency":3,"minecraft:mending":1,"minecraft:silk_touch":1,"minecraft:unbreaking":3},"repair-cost":15,"Damage":740,"custom":"H4sIAAAAAAAA/12M0QqCQBBFr26UDUEfVf1APxDTOurgOoq7Cr316S0UBb2ec88lwIGuMrHOpzEmAMc9DhfzHVsaxFKkzDYVSq1Bi91n4V6tLeHCGnL8Nrs8rX+4+GCKGvpbGhff/RtpGvUq5h/fK4ftmQduBSieeAF3I7UmmwAAAA\u003d\u003d"}},{"v":3839,"type":"DIAMOND_HOE","meta":{"meta-type":"UNSPECIFIC","enchants":{"minecraft:efficiency":5,"minecraft:mending":1,"minecraft:silk_touch":1},"Damage":284}},{"v":3839,"type":"MAGMA_BLOCK","amount":62},{"v":3839,"type":"SHEARS","meta":{"meta-type":"UNSPECIFIC","Damage":4}},{"v":3839,"type":"FLINT_AND_STEEL","meta":{"meta-type":"UNSPECIFIC","Damage":2,"custom":"H4sIAAAAAAAA/+NiYGBmYHNJzE1MT2UAAQCogW6XEQAAAA\u003d\u003d"}},{"v":3839,"type":"PUMPKIN_SEEDS","amount":24},{"v":3839,"type":"NETHERITE_BOOTS","meta":{"meta-type":"ARMOR","enchants":{"minecraft:feather_falling":4,"minecraft:frost_walker":2,"minecraft:mending":1,"minecraft:protection":4,"minecraft:unbreaking":3},"repair-cost":255,"Damage":23,"custom":"H4sIAAAAAAAA/13O0QrCMAwF0Os2XS0DH/0g9QfE9xG3zBXbbmRR8eu14GAgebuHJNcCOeyZR3JyGCYF8LEoLuKCgQmkLI48DAXW/j2pQTmSpjSiUNcytqhOsekpauCok00H1gaZa2FHGZQbdUPMkPunR4Gf7Dom7Vnqjrx38fbHVSepSf0if2eZLZutTF/aZWU1x/YRr8J0XyRPszlSoBunSnt8AfxDTErpAAAA","trim":{"material":"minecraft:amethyst","pattern":"minecraft:tide"}}},{"v":3839,"type":"NETHERITE_LEGGINGS","meta":{"meta-type":"ARMOR","enchants":{"minecraft:mending":1,"minecraft:protection":4,"minecraft:unbreaking":3},"repair-cost":31,"Damage":28,"custom":"H4sIAAAAAAAA/0WMQQqDQBAEO26IOuQDnnxM9AP+YNRBF3VW1kne74JC6FtV0QQ4UCc7+/gJhwGoS7xbHWZW20TtoMRcgcyPoD0Gk8F80Axu/a144jJ5Skev040fN6av9lF4+RuX9mp440nSb4UTw4MWU4EAAAA\u003d","trim":{"material":"minecraft:amethyst","pattern":"minecraft:tide"}}},{"v":3839,"type":"NETHERITE_CHESTPLATE","meta":{"meta-type":"ARMOR","enchants":{"minecraft:mending":1,"minecraft:protection":4,"minecraft:unbreaking":3},"repair-cost":63,"Damage":31,"custom":"H4sIAAAAAAAA/0WMQQqDQBAEO26IOuQHPsZD9AP+YNRBF3VW1kne74JC6FtV0QQ4UCc7+/gJhwGoS7xbHWZW20TtoMRcgcyPoD0Gk8F80Axu/a144jJ5Skev040fN6av9lF4+RuX9mp440nSb4UT3q3r4oEAAAA\u003d","trim":{"material":"minecraft:amethyst","pattern":"minecraft:tide"}}},{"v":3839,"type":"NETHERITE_HELMET","meta":{"meta-type":"ARMOR","enchants":{"minecraft:aqua_affinity":1,"minecraft:mending":1,"minecraft:protection":4,"minecraft:respiration":3,"minecraft:unbreaking":3},"repair-cost":127,"Damage":33,"custom":"H4sIAAAAAAAA/13OXQrCMBAE4LHxN+ohPIt6AS8ga5vWxXYTk63gk1c3YECRfZuPYdYCBvbkAnHc+6QAXitsjlJfSXRwosnmbLZExQ1siF5dreylgukfPab4yJbuI52pbVlYnwUnBdfRpcCRfnqm0CJPNCzdX8OOcomObl8x+eYHGqhz+Z8d3rh2NBG5AAAA","trim":{"material":"minecraft:amethyst","pattern":"minecraft:tide"}}},{"v":3839,"type":"NETHERITE_SHOVEL","meta":{"meta-type":"UNSPECIFIC","enchants":{"minecraft:efficiency":5,"minecraft:mending":1,"minecraft:silk_touch":1,"minecraft:unbreaking":3},"repair-cost":15,"Damage":889,"custom":"H4sIAAAAAAAA/12MYQqCQBBGv9bKGoIOVV2gC8i0jjq4juKuQYfuDi0kBP1973sfAQXoLhPrfBljAnA+4nQz37GlQSxFymx7gNMatNhjFu7VWociPEOOv6bM0/qHNyumqKGv0rj47t9I06hXMf9azS6f7a88cCuAe+MDIOExp5sAAAA\u003d"}}]}}}"
"2024-06-20T17:27:38Z";"CREATE_CHEST";"{"chest":{"location":{"world":"nasu vally_nether","x":-129.0,"y":198.0,"z":45.0},"createdAt":1718904458258,"expireAt":1718908058258,"owner":{"name":"PuneetD","op":false,"id":"d9d68f13-d608-35c3-9cc9-60dd58905161","entity-id":74746,"location":{"world":"nasu vally_nether","x":-128.18563297128162,"y":204.5,"z":45.00324490892774,"yaw":-156.70396,"pitch":83.24992}},"isProtected":false,"inventory":{"type":"CHEST","size":45,"content":[{"v":3839,"type":"BOOK","amount":15},{"v":3839,"type":"GOLD_NUGGET","amount":58},{"v":3839,"type":"ROTTEN_FLESH","amount":52},{"v":3839,"type":"FLINT_AND_STEEL","meta":{"meta-type":"UNSPECIFIC","Damage":12}},{"v":3839,"type":"DIAMOND_SWORD","meta":{"meta-type":"UNSPECIFIC","enchants":{"minecraft:looting":3,"minecraft:mending":1,"minecraft:sharpness":4},"repair-cost":1,"custom":"H4sIAAAAAAAA/0XMbQqAIBCE4TGjD+lW1QW6wVKSgq3RSufPqGh+Pi+MATTMZHfyRx8lAVAtupFnR5w2y0lMNt2g8AtacXTsbEUK6HAGlHhCHWJMnteX9cf5YPlZ5VANtNFqce8CYjE5AX0AAAA\u003d"}},{"v":3839,"type":"DIAMOND_PICKAXE","meta":{"meta-type":"UNSPECIFIC","enchants":{"minecraft:fortune":2,"minecraft:mending":1},"repair-cost":3,"Damage":4}},{"v":3839,"type":"WHEAT","amount":64},{"v":3839,"type":"DIRT","amount":23},{"v":3839,"type":"COOKED_BEEF","amount":9},{"v":3839,"type":"COBBLESTONE","amount":4},{"v":3839,"type":"PAPER","amount":64},{"v":3839,"type":"SPRUCE_PLANKS","amount":6},{"v":3839,"type":"LEATHER","amount":36},{"v":3839,"type":"EGG","amount":16},{"v":3839,"type":"EGG","amount":16},{"v":3839,"type":"FEATHER","amount":64},{"v":3839,"type":"CHICKEN","amount":64},{"v":3839,"type":"GOLDEN_SWORD","meta":{"meta-type":"UNSPECIFIC","enchants":{"minecraft:unbreaking":3},"Damage":31}},{"v":3839,"type":"GOLDEN_SWORD","meta":{"meta-type":"UNSPECIFIC","enchants":{"minecraft:looting":2,"minecraft:smite":4,"minecraft:sweeping_edge":3},"Damage":24}},{"v":3839,"type":"GOLD_INGOT","amount":2},{"v":3839,"type":"CHICKEN","amount":48},{"v":3839,"type":"FEATHER","amount":36},{"v":3839,"type":"GOLDEN_SWORD","meta":{"meta-type":"UNSPECIFIC","Damage":22}},{"v":3839,"type":"GOLDEN_SWORD","meta":{"meta-type":"UNSPECIFIC","Damage":23}},{"v":3839,"type":"GOLDEN_SWORD","meta":{"meta-type":"UNSPECIFIC","enchants":{"minecraft:sharpness":2},"Damage":29}},{"v":3839,"type":"GOLDEN_SWORD","meta":{"meta-type":"UNSPECIFIC","enchants":{"minecraft:bane_of_arthropods":3,"minecraft:knockback":2,"minecraft:sweeping_edge":3},"Damage":30}},{"v":3839,"type":"GOLDEN_SWORD","meta":{"meta-type":"UNSPECIFIC","Damage":18}},{"v":3839,"type":"STRING","amount":3},{"v":3839,"type":"SPIDER_EYE","amount":2},{"v":3839,"type":"SPRUCE_LOG","amount":12},{"v":3839,"type":"LAPIS_LAZULI","amount":34},{"v":3839,"type":"STONE","amount":2},{"v":3839,"type":"CHEST"},{"v":3839,"type":"DEEPSLATE_BRICK_SLAB","amount":9},{"v":3839,"type":"BREAD","amount":25},{"v":3839,"type":"GOLDEN_SWORD","meta":{"meta-type":"UNSPECIFIC","Damage":21}},{"v":3839,"type":"DIAMOND_LEGGINGS","meta":{"meta-type":"ARMOR","Damage":461,"custom":"H4sIAAAAAAAA/+NiYGBmYHNJzE1MT2VgYPRkAADTHxe3EQAAAA\u003d\u003d"}},{"v":3839,"type":"DIAMOND_CHESTPLATE","meta":{"meta-type":"ARMOR","Damage":459,"custom":"H4sIAAAAAAAA/+NiYGBmYHNJzE1MT2VgYHRnAABdMpQpEQAAAA\u003d\u003d"}},{"v":3839,"type":"DIAMOND_HELMET","meta":{"meta-type":"ARMOR","enchants":{"minecraft:fire_protection":3,"minecraft:mending":1,"minecraft:respiration":3,"minecraft:unbreaking":3},"repair-cost":1,"Damage":25,"custom":"H4sIAAAAAAAA/22OWwrCQBAEO1nxsQoeSr2AF5AxGeNgMrvMjp7fFQP+SP9VQdERCIhnziR2SMUBNBvsTtrdSX1i9RIrW6zRSo/9TYwv2ZJz55K0RRhfYy189da4ZDH6o1Y11YsOM25mHJ96NabHz4S65ZEmGhifb2/odtp2oQAAAA\u003d\u003d"}},{"v":3839,"type":"SHIELD","meta":{"meta-type":"TILE_ENTITY","Damage":103,"blockMaterial":"SHIELD"}}]}}}"
"2024-06-20T17:36:10Z";"DESTROY_CHEST";"{"chest":{"location":{"world":"nasu vally_nether","x":-122.0,"y":227.0,"z":44.0},"createdAt":1718904291750,"expireAt":1718907891750,"owner":{"name":"Lakshh007","op":false,"id":"dd485c7f-1fa8-31e8-94f9-227dca9720c3","entity-id":54165,"location":{"world":"nasu vally","x":-15.788033831082533,"y":69.5625,"z":-412.81134051328144,"yaw":-40.500263,"pitch":-44.999886}},"isProtected":false,"inventory":{"type":"CHEST","size":36,"content":[]}},"reason":"THIEF","extra":{"player":{"name":"PuneetD","op":false,"id":"d9d68f13-d608-35c3-9cc9-60dd58905161","entity-id":74746,"location":{"world":"nasu vally_nether","x":-121.65402253601737,"y":224.0,"z":44.54837597175399,"yaw":32.39441,"pitch":-90.0}}}}"
"2024-06-20T17:45:54Z";"CREATE_CHEST";"{"chest":{"location":{"world":"nasu vally_nether","x":-103.0,"y":228.0,"z":45.0},"createdAt":1718905554551,"expireAt":1718909154551,"owner":{"name":"PuneetD","op":false,"id":"d9d68f13-d608-35c3-9cc9-60dd58905161","entity-id":74746,"location":{"world":"nasu vally_nether","x":-102.66049035070174,"y":228.0,"z":45.35637847690155,"yaw":-9.30127,"pitch":60.300156}},"isProtected":false,"inventory":{"type":"CHEST","size":45,"content":[{"v":3839,"type":"BREAD","amount":22},{"v":3839,"type":"GOLDEN_SWORD","meta":{"meta-type":"UNSPECIFIC","Damage":21}},{"v":3839,"type":"GOLDEN_SHOVEL"},{"v":3839,"type":"DIRT","amount":9},{"v":3839,"type":"DIAMOND_SWORD","meta":{"meta-type":"UNSPECIFIC","enchants":{"minecraft:looting":3,"minecraft:mending":1,"minecraft:sharpness":4},"repair-cost":1,"custom":"H4sIAAAAAAAA/0XMbQqAIBCE4TGjD+lW1QW6wVKSgq3RSufPqGh+Pi+MATTMZHfyRx8lAVAtupFnR5w2y0lMNt2g8AtacXTsbEUK6HAGlHhCHWJMnteX9cf5YPlZ5VANtNFqce8CYjE5AX0AAAA\u003d"}},{"v":3839,"type":"CHICKEN","amount":64},{"v":3839,"type":"GOLDEN_SWORD","meta":{"meta-type":"UNSPECIFIC","enchants":{"minecraft:bane_of_arthropods":3,"minecraft:knockback":2,"minecraft:sweeping_edge":3},"Damage":30}},{"v":3839,"type":"GOLDEN_SWORD","meta":{"meta-type":"UNSPECIFIC","enchants":{"minecraft:sharpness":2},"Damage":29}},{"v":3839,"type":"SPRUCE_PLANKS","amount":2},{"v":3839,"type":"STICK"},{"v":3839,"type":"COBBLESTONE","amount":4},{"v":3839,"type":"GOLD_INGOT","amount":2},{"v":3839,"type":"ROTTEN_FLESH","amount":53},{"v":3839,"type":"EGG","amount":16},{"v":3839,"type":"DIAMOND_PICKAXE","meta":{"meta-type":"UNSPECIFIC","enchants":{"minecraft:fortune":2,"minecraft:mending":1},"repair-cost":3,"Damage":4}},{"v":3839,"type":"WHEAT","amount":64},{"v":3839,"type":"GOLDEN_SWORD","meta":{"meta-type":"UNSPECIFIC","Damage":29}},{"v":3839,"type":"GOLDEN_SWORD","meta":{"meta-type":"UNSPECIFIC","Damage":20}},{"v":3839,"type":"EGG","amount":16},{"v":3839,"type":"LEATHER","amount":36},{"v":3839,"type":"GOLDEN_SWORD","meta":{"meta-type":"UNSPECIFIC","enchants":{"minecraft:unbreaking":3},"Damage":31}},{"v":3839,"type":"GOLDEN_SWORD","meta":{"meta-type":"UNSPECIFIC","enchants":{"minecraft:fire_aspect":1,"minecraft:smite":2,"minecraft:unbreaking":2},"Damage":27}},{"v":3839,"type":"DEEPSLATE_BRICK_SLAB","amount":9},{"v":3839,"type":"FLINT_AND_STEEL","meta":{"meta-type":"UNSPECIFIC","Damage":12}},{"v":3839,"type":"STONE","amount":2},{"v":3839,"type":"LAPIS_LAZULI","amount":34},{"v":3839,"type":"SPRUCE_LOG","amount":12},{"v":3839,"type":"FEATHER","amount":64},{"v":3839,"type":"CHICKEN","amount":48},{"v":3839,"type":"BOOK","amount":15},{"v":3839,"type":"CRAFTING_TABLE"},{"v":3839,"type":"FEATHER","amount":36},{"v":3839,"type":"COOKED_BEEF","amount":9},{"v":3839,"type":"PAPER","amount":64},{"v":3839,"type":"GOLDEN_BOOTS","meta":{"meta-type":"ARMOR","Damage":41}},{"v":3839,"type":"DIAMOND_CHESTPLATE","meta":{"meta-type":"ARMOR","Damage":500,"custom":"H4sIAAAAAAAA/+NiYGBmYHNJzE1MT2VgYHRnAABdMpQpEQAAAA\u003d\u003d"}},{"v":3839,"type":"DIAMOND_HELMET","meta":{"meta-type":"ARMOR","enchants":{"minecraft:fire_protection":3,"minecraft:mending":1,"minecraft:respiration":3,"minecraft:unbreaking":3},"repair-cost":1,"Damage":18,"custom":"H4sIAAAAAAAA/22OWwrCQBAEO1nxsQoeSr2AF5AxGeNgMrvMjp7fFQP+SP9VQdERCIhnziR2SMUBNBvsTtrdSX1i9RIrW6zRSo/9TYwv2ZJz55K0RRhfYy189da4ZDH6o1Y11YsOM25mHJ96NabHz4S65ZEmGhifb2/odtp2oQAAAA\u003d\u003d"}},{"v":3839,"type":"SHIELD","meta":{"meta-type":"TILE_ENTITY","Damage":103,"blockMaterial":"SHIELD"}}]}}}"
"2024-06-20T17:48:19Z";"DESTROY_CHEST";"{"chest":{"location":{"world":"nasu vally_nether","x":-129.0,"y":198.0,"z":45.0},"createdAt":1718904458258,"expireAt":1718908058258,"owner":{"name":"PuneetD","op":false,"id":"d9d68f13-d608-35c3-9cc9-60dd58905161","entity-id":74746,"location":{"world":"nasu vally_nether","x":-127.19861749859588,"y":197.5,"z":45.15925051123338,"yaw":83.39868,"pitch":21.449894}},"isProtected":false,"inventory":{"type":"CHEST","size":45,"content":[]}},"reason":"PLAYER","extra":{"player":{"name":"PuneetD","op":false,"id":"d9d68f13-d608-35c3-9cc9-60dd58905161","entity-id":74746,"location":{"world":"nasu vally_nether","x":-127.19861749859588,"y":197.5,"z":45.15925051123338,"yaw":83.39868,"pitch":21.449894}}}}"
"2024-06-20T17:52:02Z";"DESTROY_CHEST";"{"chest":{"location":{"world":"nasu vally_nether","x":-103.0,"y":228.0,"z":45.0},"createdAt":1718905554551,"expireAt":1718909154551,"owner":{"name":"PuneetD","op":false,"id":"d9d68f13-d608-35c3-9cc9-60dd58905161","entity-id":74746,"location":{"world":"nasu vally_nether","x":-102.41806844051342,"y":228.875,"z":45.69999998807907,"yaw":135.75024,"pitch":78.29997}},"isProtected":false,"inventory":{"type":"CHEST","size":45,"content":[]}},"reason":"PLAYER","extra":{"player":{"name":"PuneetD","op":false,"id":"d9d68f13-d608-35c3-9cc9-60dd58905161","entity-id":74746,"location":{"world":"nasu vally_nether","x":-102.41806844051342,"y":228.875,"z":45.69999998807907,"yaw":135.75024,"pitch":78.29997}}}}"
"2024-06-20T17:52:31Z";"CREATE_CHEST";"{"chest":{"location":{"world":"nasu vally_nether","x":-103.0,"y":228.0,"z":45.0},"createdAt":1718905951351,"expireAt":1718909551351,"owner":{"name":"PuneetD","op":false,"id":"d9d68f13-d608-35c3-9cc9-60dd58905161","entity-id":74746,"location":{"world":"nasu vally_nether","x":-102.69999998807907,"y":228.0,"z":45.44178568706054,"yaw":-64.50244,"pitch":57.29994}},"isProtected":false,"inventory":{"type":"CHEST","size":27,"content":[{"v":3839,"type":"COOKED_BEEF","amount":9},{"v":3839,"type":"STONE","amount":2},{"v":3839,"type":"SPRUCE_PLANKS","amount":6},{"v":3839,"type":"GOLDEN_SWORD","meta":{"meta-type":"UNSPECIFIC","Damage":22}},{"v":3839,"type":"GOLDEN_SWORD","meta":{"meta-type":"UNSPECIFIC","enchants":{"minecraft:looting":2,"minecraft:smite":4,"minecraft:sweeping_edge":3},"Damage":24}},{"v":3839,"type":"GOLDEN_SWORD","meta":{"meta-type":"UNSPECIFIC","Damage":24}},{"v":3839,"type":"BREAD","amount":20},{"v":3839,"type":"GOLDEN_SWORD","meta":{"meta-type":"UNSPECIFIC","Damage":22}},{"v":3839,"type":"DIRT","amount":8},{"v":3839,"type":"GOLD_INGOT","amount":2},{"v":3839,"type":"ARROW"},{"v":3839,"type":"FLINT_AND_STEEL","meta":{"meta-type":"UNSPECIFIC","Damage":12}},{"v":3839,"type":"STICK"},{"v":3839,"type":"CHICKEN","amount":64},{"v":3839,"type":"GOLDEN_SWORD","meta":{"meta-type":"UNSPECIFIC","enchants":{"minecraft:bane_of_arthropods":3,"minecraft:knockback":2,"minecraft:sweeping_edge":3},"Damage":30}},{"v":3839,"type":"GOLDEN_SWORD","meta":{"meta-type":"UNSPECIFIC","enchants":{"minecraft:sharpness":2},"Damage":29}},{"v":3839,"type":"GOLDEN_SWORD","meta":{"meta-type":"UNSPECIFIC","Damage":29}},{"v":3839,"type":"LAPIS_LAZULI","amount":34},{"v":3839,"type":"GOLDEN_SWORD","meta":{"meta-type":"UNSPECIFIC","enchants":{"minecraft:fire_aspect":1,"minecraft:smite":2,"minecraft:unbreaking":2},"Damage":27}},{"v":3839,"type":"DEEPSLATE_BRICK_SLAB","amount":9},{"v":3839,"type":"GOLDEN_BOOTS","meta":{"meta-type":"ARMOR","Damage":50}},{"v":3839,"type":"DIAMOND_CHESTPLATE","meta":{"meta-type":"ARMOR","Damage":509,"custom":"H4sIAAAAAAAA/+NiYGBmYHNJzE1MT2VgYHRnAABdMpQpEQAAAA\u003d\u003d"}},{"v":3839,"type":"DIAMOND_HELMET","meta":{"meta-type":"ARMOR","enchants":{"minecraft:fire_protection":3,"minecraft:mending":1,"minecraft:respiration":3,"minecraft:unbreaking":3},"repair-cost":1,"Damage":4,"custom":"H4sIAAAAAAAA/22OWwrCQBAEO1nxsQoeSr2AF5AxGeNgMrvMjp7fFQP+SP9VQdERCIhnziR2SMUBNBvsTtrdSX1i9RIrW6zRSo/9TYwv2ZJz55K0RRhfYy189da4ZDH6o1Y11YsOM25mHJ96NabHz4S65ZEmGhifb2/odtp2oQAAAA\u003d\u003d"}}]}}}"
"2024-06-20T17:56:00Z";"DESTROY_CHEST";"{"chest":{"location":{"world":"nasu vally_nether","x":-103.0,"y":228.0,"z":45.0},"createdAt":1718905951351,"expireAt":1718909551351,"owner":{"name":"PuneetD","op":false,"id":"d9d68f13-d608-35c3-9cc9-60dd58905161","entity-id":74746,"location":{"world":"nasu vally_nether","x":-102.4345075437779,"y":228.875,"z":45.49350759943289,"yaw":-73.80104,"pitch":84.14996}},"isProtected":false,"inventory":{"type":"CHEST","size":27,"content":[]}},"reason":"PLAYER","extra":{"player":{"name":"PuneetD","op":false,"id":"d9d68f13-d608-35c3-9cc9-60dd58905161","entity-id":74746,"location":{"world":"nasu vally_nether","x":-102.4345075437779,"y":228.875,"z":45.49350759943289,"yaw":-73.80104,"pitch":84.14996}}}}"
"2024-06-20T18:52:21Z";"CREATE_CHEST";"{"chest":{"location":{"world":"nasu vally_nether","x":-104.0,"y":230.0,"z":45.0},"createdAt":1718909541218,"expireAt":1718913141218,"owner":{"name":"PuneetD","op":false,"id":"d9d68f13-d608-35c3-9cc9-60dd58905161","entity-id":929,"location":{"world":"nasu vally_nether","x":-103.14839534965853,"y":230.17675927506423,"z":45.45325542435284,"yaw":85.64911,"pitch":42.74985}},"isProtected":false,"inventory":{"type":"CHEST","size":18,"content":[{"v":3839,"type":"FLINT_AND_STEEL","meta":{"meta-type":"UNSPECIFIC","Damage":12}},{"v":3839,"type":"COOKED_BEEF","amount":8},{"v":3839,"type":"GOLD_INGOT","amount":2},{"v":3839,"type":"DIAMOND_SWORD","meta":{"meta-type":"UNSPECIFIC","enchants":{"minecraft:looting":3,"minecraft:mending":1,"minecraft:sharpness":4},"repair-cost":1,"custom":"H4sIAAAAAAAA/0XMbQqAIBCE4TGjD+lW1QW6wVKSgq3RSufPqGh+Pi+MATTMZHfyRx8lAVAtupFnR5w2y0lMNt2g8AtacXTsbEUK6HAGlHhCHWJMnteX9cf5YPlZ5VANtNFqce8CYjE5AX0AAAA\u003d"}},{"v":3839,"type":"BREAD","amount":14},{"v":3839,"type":"DIAMOND_PICKAXE","meta":{"meta-type":"UNSPECIFIC","enchants":{"minecraft:fortune":2,"minecraft:mending":1},"repair-cost":3,"Damage":5}},{"v":3839,"type":"ENCHANTED_BOOK","meta":{"meta-type":"ENCHANTED","stored-enchants":{"minecraft:power":3}}},{"v":3839,"type":"ENCHANTED_BOOK","meta":{"meta-type":"ENCHANTED","stored-enchants":{"minecraft:blast_protection":4}}},{"v":3839,"type":"DIRT","amount":61},{"v":3839,"type":"ENCHANTED_BOOK","meta":{"meta-type":"ENCHANTED","stored-enchants":{"minecraft:loyalty":3}}},{"v":3839,"type":"DEEPSLATE_BRICK_SLAB"},{"v":3839,"type":"ENCHANTED_BOOK","meta":{"meta-type":"ENCHANTED","stored-enchants":{"minecraft:power":4,"minecraft:protection":4}}},{"v":3839,"type":"BOOK","amount":3},{"v":3839,"type":"ENCHANTED_BOOK","meta":{"meta-type":"ENCHANTED","stored-enchants":{"minecraft:fire_protection":3,"minecraft:unbreaking":3}}},{"v":3839,"type":"GOLDEN_BOOTS","meta":{"meta-type":"ARMOR","Damage":65}},{"v":3839,"type":"DIAMOND_CHESTPLATE","meta":{"meta-type":"ARMOR","Damage":524,"custom":"H4sIAAAAAAAA/+NiYGBmYHNJzE1MT2VgYHRnAABdMpQpEQAAAA\u003d\u003d"}},{"v":3839,"type":"DIAMOND_HELMET","meta":{"meta-type":"ARMOR","enchants":{"minecraft:fire_protection":3,"minecraft:mending":1,"minecraft:respiration":3,"minecraft:unbreaking":3},"repair-cost":1,"Damage":5,"custom":"H4sIAAAAAAAA/22OWwrCQBAEO1nxsQoeSr2AF5AxGeNgMrvMjp7fFQP+SP9VQdERCIhnziR2SMUBNBvsTtrdSX1i9RIrW6zRSo/9TYwv2ZJz55K0RRhfYy189da4ZDH6o1Y11YsOM25mHJ96NabHz4S65ZEmGhifb2/odtp2oQAAAA\u003d\u003d"}}]}}}"
"2024-06-20T18:56:19Z";"DESTROY_CHEST";"{"chest":{"location":{"world":"nasu vally_nether","x":-104.0,"y":230.0,"z":45.0},"createdAt":1718909541218,"expireAt":1718913141218,"owner":{"name":"PuneetD","op":false,"id":"d9d68f13-d608-35c3-9cc9-60dd58905161","entity-id":929,"location":{"world":"nasu vally_nether","x":-104.96557004530791,"y":229.0,"z":45.52548598993409,"yaw":-93.6002,"pitch":-4.950084}},"isProtected":false,"inventory":{"type":"CHEST","size":18,"content":[]}},"reason":"PLAYER","extra":{"player":{"name":"PuneetD","op":false,"id":"d9d68f13-d608-35c3-9cc9-60dd58905161","entity-id":929,"location":{"world":"nasu vally_nether","x":-104.96557004530791,"y":229.0,"z":45.52548598993409,"yaw":-93.6002,"pitch":-4.950084}}}}"
"2024-06-20T19:15:46Z";"CREATE_CHEST";"{"chest":{"location":{"world":"nasu vally_nether","x":-112.0,"y":228.0,"z":46.0},"createdAt":1718910946489,"expireAt":1718914546489,"owner":{"name":"PuneetD","op":false,"id":"d9d68f13-d608-35c3-9cc9-60dd58905161","entity-id":929,"location":{"world":"nasu vally_nether","x":-111.30000001192093,"y":227.5,"z":46.4329091500711,"yaw":161.40173,"pitch":21.449657}},"isProtected":false,"inventory":{"type":"CHEST","size":36,"content":[{"v":3839,"type":"ROTTEN_FLESH","amount":64},{"v":3839,"type":"DEEPSLATE_BRICK_SLAB","amount":3},{"v":3839,"type":"BREAD","amount":14},{"v":3839,"type":"CHICKEN","amount":19},{"v":3839,"type":"DIAMOND_PICKAXE","meta":{"meta-type":"UNSPECIFIC","enchants":{"minecraft:fortune":2,"minecraft:mending":1},"repair-cost":3,"Damage":11}},{"v":3839,"type":"COOKED_MUTTON","amount":15},{"v":3839,"type":"DIAMOND_SWORD","meta":{"meta-type":"UNSPECIFIC","enchants":{"minecraft:looting":3,"minecraft:mending":1,"minecraft:sharpness":4},"repair-cost":1,"custom":"H4sIAAAAAAAA/0XMbQqAIBCE4TGjD+lW1QW6wVKSgq3RSufPqGh+Pi+MATTMZHfyRx8lAVAtupFnR5w2y0lMNt2g8AtacXTsbEUK6HAGlHhCHWJMnteX9cf5YPlZ5VANtNFqce8CYjE5AX0AAAA\u003d"}},{"v":3839,"type":"COOKED_BEEF","amount":3},{"v":3839,"type":"DIRT","amount":24},{"v":3839,"type":"EGG","amount":16},{"v":3839,"type":"GOLD_NUGGET","amount":64},{"v":3839,"type":"GOLDEN_SWORD","meta":{"meta-type":"UNSPECIFIC","Damage":28}},{"v":3839,"type":"GOLDEN_SWORD","meta":{"meta-type":"UNSPECIFIC","Damage":5}},{"v":3839,"type":"GOLD_NUGGET","amount":64},{"v":3839,"type":"ROTTEN_FLESH","amount":64},{"v":3839,"type":"GOLD_INGOT","amount":6},{"v":3839,"type":"GOLDEN_SWORD","meta":{"meta-type":"UNSPECIFIC","Damage":24}},{"v":3839,"type":"GOLDEN_SWORD","meta":{"meta-type":"UNSPECIFIC","Damage":25}},{"v":3839,"type":"ROTTEN_FLESH","amount":64},{"v":3839,"type":"GOLDEN_SWORD","meta":{"meta-type":"UNSPECIFIC","enchants":{"minecraft:smite":2},"Damage":13}},{"v":3839,"type":"GOLDEN_SWORD","meta":{"meta-type":"UNSPECIFIC","Damage":21}},{"v":3839,"type":"GOLD_NUGGET","amount":64},{"v":3839,"type":"GOLDEN_SWORD","meta":{"meta-type":"UNSPECIFIC","Damage":27}},{"v":3839,"type":"ROTTEN_FLESH","amount":40},{"v":3839,"type":"GOLD_NUGGET","amount":49},{"v":3839,"type":"GOLDEN_SWORD","meta":{"meta-type":"UNSPECIFIC","Damage":31}},{"v":3839,"type":"DIAMOND_HELMET","meta":{"meta-type":"ARMOR","enchants":{"minecraft:fire_protection":3,"minecraft:mending":1,"minecraft:respiration":3,"minecraft:unbreaking":3},"repair-cost":1,"Damage":5,"custom":"H4sIAAAAAAAA/22OWwrCQBAEO1nxsQoeSr2AF5AxGeNgMrvMjp7fFQP+SP9VQdERCIhnziR2SMUBNBvsTtrdSX1i9RIrW6zRSo/9TYwv2ZJz55K0RRhfYy189da4ZDH6o1Y11YsOM25mHJ96NabHz4S65ZEmGhifb2/odtp2oQAAAA\u003d\u003d"}},{"v":3839,"type":"SHIELD","meta":{"meta-type":"TILE_ENTITY","Damage":103,"blockMaterial":"SHIELD"}}]}}}"
"2024-06-20T19:21:42Z";"DESTROY_CHEST";"{"chest":{"location":{"world":"nasu vally_nether","x":-112.0,"y":228.0,"z":46.0},"createdAt":1718910946489,"expireAt":1718914546489,"owner":{"name":"PuneetD","op":false,"id":"d9d68f13-d608-35c3-9cc9-60dd58905161","entity-id":929,"location":{"world":"nasu vally_nether","x":-112.38744927170995,"y":227.5,"z":46.61335728662628,"yaw":-97.64859,"pitch":38.999863}},"isProtected":false,"inventory":{"type":"CHEST","size":36,"content":[]}},"reason":"PLAYER","extra":{"player":{"name":"PuneetD","op":false,"id":"d9d68f13-d608-35c3-9cc9-60dd58905161","entity-id":929,"location":{"world":"nasu vally_nether","x":-112.38744927170995,"y":227.5,"z":46.61335728662628,"yaw":-97.64859,"pitch":38.999863}}}}"
"2024-06-20T19:23:35Z";"CREATE_CHEST";"{"chest":{"location":{"world":"nasu vally_nether","x":-112.0,"y":228.0,"z":45.0},"createdAt":1718911415071,"expireAt":1718915015071,"owner":{"name":"PuneetD","op":false,"id":"d9d68f13-d608-35c3-9cc9-60dd58905161","entity-id":929,"location":{"world":"nasu vally_nether","x":-111.30000001192093,"y":227.5,"z":46.2607052778799,"yaw":125.10138,"pitch":26.84985}},"isProtected":false,"inventory":{"type":"CHEST","size":36,"content":[{"v":3839,"type":"EGG","amount":16},{"v":3839,"type":"ROTTEN_FLESH","amount":64},{"v":3839,"type":"GOLDEN_SWORD","meta":{"meta-type":"UNSPECIFIC","Damage":22}},{"v":3839,"type":"GOLDEN_SWORD","meta":{"meta-type":"UNSPECIFIC","Damage":19}},{"v":3839,"type":"GOLDEN_SWORD","meta":{"meta-type":"UNSPECIFIC","Damage":32}},{"v":3839,"type":"GOLD_NUGGET","amount":64},{"v":3839,"type":"DIRT","amount":25},{"v":3839,"type":"DIAMOND_PICKAXE","meta":{"meta-type":"UNSPECIFIC","enchants":{"minecraft:fortune":2,"minecraft:mending":1},"repair-cost":3,"Damage":17}},{"v":3839,"type":"ROTTEN_FLESH","amount":48},{"v":3839,"type":"NETHER_WART_BLOCK","amount":41},{"v":3839,"type":"BREAD","amount":14},{"v":3839,"type":"GOLD_NUGGET","amount":55},{"v":3839,"type":"GOLDEN_SWORD","meta":{"meta-type":"UNSPECIFIC","Damage":5}},{"v":3839,"type":"EGG","amount":16},{"v":3839,"type":"GOLD_NUGGET","amount":64},{"v":3839,"type":"GOLDEN_SWORD","meta":{"meta-type":"UNSPECIFIC","Damage":28}},{"v":3839,"type":"CHICKEN","amount":19},{"v":3839,"type":"SHIELD","meta":{"meta-type":"TILE_ENTITY","Damage":103,"blockMaterial":"SHIELD"}},{"v":3839,"type":"COOKED_MUTTON","amount":15},{"v":3839,"type":"DIAMOND_SWORD","meta":{"meta-type":"UNSPECIFIC","enchants":{"minecraft:looting":3,"minecraft:mending":1,"minecraft:sharpness":4},"repair-cost":1,"custom":"H4sIAAAAAAAA/0XMbQqAIBCE4TGjD+lW1QW6wVKSgq3RSufPqGh+Pi+MATTMZHfyRx8lAVAtupFnR5w2y0lMNt2g8AtacXTsbEUK6HAGlHhCHWJMnteX9cf5YPlZ5VANtNFqce8CYjE5AX0AAAA\u003d"}},{"v":3839,"type":"COOKED_BEEF","amount":3},{"v":3839,"type":"GOLDEN_SWORD","meta":{"meta-type":"UNSPECIFIC","Damage":25}},{"v":3839,"type":"GOLDEN_SWORD","meta":{"meta-type":"UNSPECIFIC","Damage":24}},{"v":3839,"type":"GOLD_INGOT","amount":6},{"v":3839,"type":"ROTTEN_FLESH","amount":64},{"v":3839,"type":"ROTTEN_FLESH","amount":64},{"v":3839,"type":"GOLDEN_SWORD","meta":{"meta-type":"UNSPECIFIC","enchants":{"minecraft:smite":2},"Damage":13}},{"v":3839,"type":"GOLDEN_SWORD","meta":{"meta-type":"UNSPECIFIC","Damage":21}},{"v":3839,"type":"GOLD_NUGGET","amount":64},{"v":3839,"type":"GOLDEN_SWORD","meta":{"meta-type":"UNSPECIFIC","Damage":27}},{"v":3839,"type":"DIAMOND_HELMET","meta":{"meta-type":"ARMOR","enchants":{"minecraft:fire_protection":3,"minecraft:mending":1,"minecraft:respiration":3,"minecraft:unbreaking":3},"repair-cost":1,"Damage":7,"custom":"H4sIAAAAAAAA/22OWwrCQBAEO1nxsQoeSr2AF5AxGeNgMrvMjp7fFQP+SP9VQdERCIhnziR2SMUBNBvsTtrdSX1i9RIrW6zRSo/9TYwv2ZJz55K0RRhfYy189da4ZDH6o1Y11YsOM25mHJ96NabHz4S65ZEmGhifb2/odtp2oQAAAA\u003d\u003d"}}]}}}"
"2024-06-20T19:26:50Z";"DESTROY_CHEST";"{"chest":{"location":{"world":"nasu vally_nether","x":-112.0,"y":228.0,"z":45.0},"createdAt":1718911415071,"expireAt":1718915015071,"owner":{"name":"PuneetD","op":false,"id":"d9d68f13-d608-35c3-9cc9-60dd58905161","entity-id":929,"location":{"world":"nasu vally_nether","x":-112.15163751562308,"y":227.5,"z":46.48392336418594,"yaw":-151.49908,"pitch":52.34986}},"isProtected":false,"inventory":{"type":"CHEST","size":36,"content":[]}},"reason":"PLAYER","extra":{"player":{"name":"PuneetD","op":false,"id":"d9d68f13-d608-35c3-9cc9-60dd58905161","entity-id":929,"location":{"world":"nasu vally_nether","x":-112.15163751562308,"y":227.5,"z":46.48392336418594,"yaw":-151.49908,"pitch":52.34986}}}}"
"2024-06-20T19:29:32Z";"CREATE_CHEST";"{"chest":{"location":{"world":"nasu vally_nether","x":-112.0,"y":228.0,"z":45.0},"createdAt":1718911772117,"expireAt":1718915372117,"owner":{"name":"PuneetD","op":false,"id":"d9d68f13-d608-35c3-9cc9-60dd58905161","entity-id":929,"location":{"world":"nasu vally_nether","x":-112.22074632151023,"y":227.5,"z":45.84775176212999,"yaw":-35.39923,"pitch":19.199926}},"isProtected":false,"inventory":{"type":"CHEST","size":36,"content":[{"v":3839,"type":"COBBLESTONE_SLAB","amount":61},{"v":3839,"type":"EGG","amount":16},{"v":3839,"type":"ROTTEN_FLESH","amount":64},{"v":3839,"type":"GOLD_INGOT","amount":6},{"v":3839,"type":"GOLDEN_SWORD","meta":{"meta-type":"UNSPECIFIC","Damage":29}},{"v":3839,"type":"DIAMOND_PICKAXE","meta":{"meta-type":"UNSPECIFIC","enchants":{"minecraft:fortune":2,"minecraft:mending":1},"repair-cost":3,"Damage":17}},{"v":3839,"type":"GOLD_NUGGET","amount":64},{"v":3839,"type":"GOLDEN_SWORD","meta":{"meta-type":"UNSPECIFIC","Damage":28}},{"v":3839,"type":"ARROW"},{"v":3839,"type":"BONE"},{"v":3839,"type":"ROTTEN_FLESH","amount":49},{"v":3839,"type":"EGG","amount":16},{"v":3839,"type":"ROTTEN_FLESH","amount":64},{"v":3839,"type":"GOLDEN_SWORD","meta":{"meta-type":"UNSPECIFIC","Damage":22}},{"v":3839,"type":"GOLDEN_SWORD","meta":{"meta-type":"UNSPECIFIC","Damage":19}},{"v":3839,"type":"NETHER_WART_BLOCK","amount":41},{"v":3839,"type":"GOLDEN_SWORD","meta":{"meta-type":"UNSPECIFIC","Damage":32}},{"v":3839,"type":"GOLD_NUGGET","amount":55},{"v":3839,"type":"DIRT","amount":28},{"v":3839,"type":"GOLDEN_SWORD","meta":{"meta-type":"UNSPECIFIC","Damage":25}},{"v":3839,"type":"GOLD_NUGGET","amount":64},{"v":3839,"type":"BREAD","amount":14},{"v":3839,"type":"GOLDEN_SWORD","meta":{"meta-type":"UNSPECIFIC","Damage":5}},{"v":3839,"type":"GOLD_NUGGET","amount":64},{"v":3839,"type":"GOLDEN_SWORD","meta":{"meta-type":"UNSPECIFIC","Damage":28}},{"v":3839,"type":"CHICKEN","amount":19},{"v":3839,"type":"COBBLESTONE_SLAB","amount":2},{"v":3839,"type":"GOLDEN_SWORD","meta":{"meta-type":"UNSPECIFIC","enchants":{"minecraft:smite":2},"Damage":13}},{"v":3839,"type":"ROTTEN_FLESH","amount":64},{"v":3839,"type":"GOLDEN_SWORD","meta":{"meta-type":"UNSPECIFIC","Damage":21}},{"v":3839,"type":"COOKED_MUTTON","amount":15},{"v":3839,"type":"DIAMOND_SWORD","meta":{"meta-type":"UNSPECIFIC","enchants":{"minecraft:looting":3,"minecraft:mending":1,"minecraft:sharpness":4},"repair-cost":1,"custom":"H4sIAAAAAAAA/0XMbQqAIBCE4TGjD+lW1QW6wVKSgq3RSufPqGh+Pi+MATTMZHfyRx8lAVAtupFnR5w2y0lMNt2g8AtacXTsbEUK6HAGlHhCHWJMnteX9cf5YPlZ5VANtNFqce8CYjE5AX0AAAA\u003d"}},{"v":3839,"type":"DIAMOND_HELMET","meta":{"meta-type":"ARMOR","enchants":{"minecraft:fire_protection":3,"minecraft:mending":1,"minecraft:respiration":3,"minecraft:unbreaking":3},"repair-cost":1,"Damage":7,"custom":"H4sIAAAAAAAA/22OWwrCQBAEO1nxsQoeSr2AF5AxGeNgMrvMjp7fFQP+SP9VQdERCIhnziR2SMUBNBvsTtrdSX1i9RIrW6zRSo/9TYwv2ZJz55K0RRhfYy189da4ZDH6o1Y11YsOM25mHJ96NabHz4S65ZEmGhifb2/odtp2oQAAAA\u003d\u003d"}},{"v":3839,"type":"SHIELD","meta":{"meta-type":"TILE_ENTITY","Damage":108,"blockMaterial":"SHIELD"}}]}}}"
"2024-06-20T19:31:27Z";"CREATE_CHEST";"{"chest":{"location":{"world":"nasu vally_nether","x":-24.0,"y":61.0,"z":44.0},"createdAt":1718911887863,"expireAt":1718915487863,"owner":{"name":"PuneetD","op":false,"id":"d9d68f13-d608-35c3-9cc9-60dd58905161","entity-id":929,"location":{"world":"nasu vally_nether","x":-23.86379433560247,"y":59.434041675095976,"z":43.53929875023813,"yaw":-5.398712,"pitch":11.250117}},"isProtected":false,"inventory":{"type":"CHEST","size":9,"content":[{"v":3839,"type":"ROTTEN_FLESH","amount":3},{"v":3839,"type":"DIRT","amount":64}]}}}"
"2024-06-20T19:32:37Z";"DESTROY_CHEST";"{"chest":{"location":{"world":"nasu vally_nether","x":-24.0,"y":61.0,"z":44.0},"createdAt":1718911887863,"expireAt":1718915487863,"owner":{"name":"PuneetD","op":false,"id":"d9d68f13-d608-35c3-9cc9-60dd58905161","entity-id":929,"location":{"world":"nasu vally_nether","x":-23.597030026403704,"y":59.60376365469679,"z":42.922972992161064,"yaw":-1.0496521,"pitch":-22.350008}},"isProtected":false,"inventory":{"type":"CHEST","size":9,"content":[]}},"reason":"PLAYER","extra":{"player":{"name":"PuneetD","op":false,"id":"d9d68f13-d608-35c3-9cc9-60dd58905161","entity-id":929,"location":{"world":"nasu vally_nether","x":-23.597030026403704,"y":59.60376365469679,"z":42.922972992161064,"yaw":-1.0496521,"pitch":-22.350008}}}}"
"2024-06-20T19:36:18Z";"DESTROY_CHEST";"{"chest":{"location":{"world":"nasu vally_nether","x":-112.0,"y":228.0,"z":45.0},"createdAt":1718911772117,"expireAt":1718915372117,"owner":{"name":"PuneetD","op":false,"id":"d9d68f13-d608-35c3-9cc9-60dd58905161","entity-id":929,"location":{"world":"nasu vally_nether","x":-112.19404022406248,"y":227.5,"z":46.67320429690655,"yaw":-147.75021,"pitch":57.450073}},"isProtected":false,"inventory":{"type":"CHEST","size":36,"content":[]}},"reason":"PLAYER","extra":{"player":{"name":"PuneetD","op":false,"id":"d9d68f13-d608-35c3-9cc9-60dd58905161","entity-id":929,"location":{"world":"nasu vally_nether","x":-112.19404022406248,"y":227.5,"z":46.67320429690655,"yaw":-147.75021,"pitch":57.450073}}}}"
"2024-06-20T19:38:42Z";"CREATE_CHEST";"{"chest":{"location":{"world":"nasu vally_nether","x":-113.0,"y":228.0,"z":46.0},"createdAt":1718912322220,"expireAt":1718915922220,"owner":{"name":"PuneetD","op":false,"id":"d9d68f13-d608-35c3-9cc9-60dd58905161","entity-id":929,"location":{"world":"nasu vally_nether","x":-111.94828693611949,"y":227.5,"z":45.592871624649234,"yaw":42.89868,"pitch":25.800184}},"isProtected":false,"inventory":{"type":"CHEST","size":45,"content":[{"v":3839,"type":"GOLDEN_SWORD","meta":{"meta-type":"UNSPECIFIC","Damage":19}},{"v":3839,"type":"GOLDEN_SWORD","meta":{"meta-type":"UNSPECIFIC","Damage":28}},{"v":3839,"type":"GOLDEN_SWORD","meta":{"meta-type":"UNSPECIFIC","Damage":25}},{"v":3839,"type":"GOLDEN_SWORD","meta":{"meta-type":"UNSPECIFIC","enchants":{"minecraft:smite":2},"Damage":13}},{"v":3839,"type":"DIAMOND_PICKAXE","meta":{"meta-type":"UNSPECIFIC","enchants":{"minecraft:fortune":2,"minecraft:mending":1},"repair-cost":3,"Damage":26}},{"v":3839,"type":"GOLDEN_SWORD","meta":{"meta-type":"UNSPECIFIC","Damage":28}},{"v":3839,"type":"GOLDEN_SWORD","meta":{"meta-type":"UNSPECIFIC","Damage":21}},{"v":3839,"type":"GOLDEN_SWORD","meta":{"meta-type":"UNSPECIFIC","Damage":18}},{"v":3839,"type":"DIAMOND_SWORD","meta":{"meta-type":"UNSPECIFIC","enchants":{"minecraft:looting":3,"minecraft:mending":1,"minecraft:sharpness":4},"repair-cost":1,"custom":"H4sIAAAAAAAA/0XMbQqAIBCE4TGjD+lW1QW6wVKSgq3RSufPqGh+Pi+MATTMZHfyRx8lAVAtupFnR5w2y0lMNt2g8AtacXTsbEUK6HAGlHhCHWJMnteX9cf5YPlZ5VANtNFqce8CYjE5AX0AAAA\u003d"}},{"v":3839,"type":"ARROW"},{"v":3839,"type":"DIRT","amount":28},{"v":3839,"type":"ROTTEN_FLESH","amount":53},{"v":3839,"type":"DIRT","amount":64},{"v":3839,"type":"CHICKEN","amount":19},{"v":3839,"type":"GOLDEN_SWORD","meta":{"meta-type":"UNSPECIFIC","Damage":25}},{"v":3839,"type":"EGG","amount":16},{"v":3839,"type":"DEEPSLATE_BRICK_SLAB","amount":5},{"v":3839,"type":"GOLD_NUGGET","amount":55},{"v":3839,"type":"GOLD_NUGGET","amount":64},{"v":3839,"type":"GOLD_NUGGET","amount":64},{"v":3839,"type":"BREAD","amount":14},{"v":3839,"type":"DIAMOND_HELMET","meta":{"meta-type":"ARMOR","enchants":{"minecraft:fire_protection":3,"minecraft:mending":1,"minecraft:respiration":3,"minecraft:unbreaking":3},"repair-cost":1,"Damage":7,"custom":"H4sIAAAAAAAA/22OWwrCQBAEO1nxsQoeSr2AF5AxGeNgMrvMjp7fFQP+SP9VQdERCIhnziR2SMUBNBvsTtrdSX1i9RIrW6zRSo/9TYwv2ZJz55K0RRhfYy189da4ZDH6o1Y11YsOM25mHJ96NabHz4S65ZEmGhifb2/odtp2oQAAAA\u003d\u003d"}},{"v":3839,"type":"SHIELD","meta":{"meta-type":"TILE_ENTITY","Damage":108,"blockMaterial":"SHIELD"}},{"v":3839,"type":"GOLDEN_SWORD","meta":{"meta-type":"UNSPECIFIC","Damage":5}},{"v":3839,"type":"COOKED_MUTTON","amount":15},{"v":3839,"type":"NETHER_WART_BLOCK","amount":41},{"v":3839,"type":"ROTTEN_FLESH","amount":64},{"v":3839,"type":"KELP","amount":3},{"v":3839,"type":"GOLD_INGOT","amount":31},{"v":3839,"type":"ROTTEN_FLESH","amount":64},{"v":3839,"type":"COBBLESTONE_SLAB","amount":58},{"v":3839,"type":"BONE"},{"v":3839,"type":"GOLD_NUGGET","amount":64},{"v":3839,"type":"EGG","amount":16},{"v":3839,"type":"ROTTEN_FLESH","amount":64},{"v":3839,"type":"GOLDEN_SWORD","meta":{"meta-type":"UNSPECIFIC","Damage":22}},{"v":3839,"type":"GOLDEN_HELMET","meta":{"meta-type":"ARMOR","Damage":11}}]}}}"
"2024-06-20T19:43:02Z";"CREATE_CHEST";"{"chest":{"location":{"world":"nasu vally_nether","x":-27.0,"y":59.0,"z":48.0},"createdAt":1718912582158,"expireAt":1718916182158,"owner":{"name":"PuneetD","op":false,"id":"d9d68f13-d608-35c3-9cc9-60dd58905161","entity-id":929,"location":{"world":"nasu vally_nether","x":-25.52645992837719,"y":59.0,"z":48.59120672822612,"yaw":-66.1496,"pitch":20.549974}},"isProtected":false,"inventory":{"type":"CHEST","size":9,"content":[{"v":3839,"type":"GOLD_NUGGET"},{"v":3839,"type":"GOLD_INGOT","amount":3},{"v":3839,"type":"NETHERRACK","amount":2},{"v":3839,"type":"GOLDEN_BOOTS","meta":{"meta-type":"ARMOR","Damage":5}}]}}}"
"2024-06-20T19:49:58Z";"DESTROY_CHEST";"{"chest":{"location":{"world":"nasu vally_nether","x":-113.0,"y":228.0,"z":46.0},"createdAt":1718912322220,"expireAt":1718915922220,"owner":{"name":"PuneetD","op":false,"id":"d9d68f13-d608-35c3-9cc9-60dd58905161","entity-id":929,"location":{"world":"nasu vally_nether","x":-106.97876320514091,"y":192.0,"z":42.607888342310076,"yaw":-148.19913,"pitch":58.800076}},"isProtected":false,"inventory":{"type":"CHEST","size":45,"content":[]}},"reason":"THIEF","extra":{"player":{"name":"PuneetD","op":false,"id":"d9d68f13-d608-35c3-9cc9-60dd58905161","entity-id":42109,"location":{"world":"nasu vally_nether","x":-112.23337060993863,"y":229.5,"z":47.053241267676796,"yaw":-174.44933,"pitch":80.40003}}}}"
"2024-06-20T19:51:34Z";"CREATE_CHEST";"{"chest":{"location":{"world":"nasu vally_nether","x":-114.0,"y":230.0,"z":47.0},"createdAt":1718913094811,"expireAt":1718916694811,"owner":{"name":"PuneetD","op":false,"id":"d9d68f13-d608-35c3-9cc9-60dd58905161","entity-id":42109,"location":{"world":"nasu vally_nether","x":-111.78499219650583,"y":227.5,"z":45.766698134457755,"yaw":31.801117,"pitch":22.199999}},"isProtected":false,"inventory":{"type":"CHEST","size":45,"content":[{"v":3839,"type":"GOLDEN_SWORD","meta":{"meta-type":"UNSPECIFIC","enchants":{"minecraft:smite":2},"Damage":13}},{"v":3839,"type":"GOLDEN_SWORD","meta":{"meta-type":"UNSPECIFIC","Damage":25}},{"v":3839,"type":"GOLDEN_SWORD","meta":{"meta-type":"UNSPECIFIC","Damage":28}},{"v":3839,"type":"GOLDEN_SWORD","meta":{"meta-type":"UNSPECIFIC","Damage":20}},{"v":3839,"type":"DIAMOND_SWORD","meta":{"meta-type":"UNSPECIFIC","enchants":{"minecraft:looting":3,"minecraft:mending":1,"minecraft:sharpness":4},"repair-cost":1,"custom":"H4sIAAAAAAAA/0XMbQqAIBCE4TGjD+lW1QW6wVKSgq3RSufPqGh+Pi+MATTMZHfyRx8lAVAtupFnR5w2y0lMNt2g8AtacXTsbEUK6HAGlHhCHWJMnteX9cf5YPlZ5VANtNFqce8CYjE5AX0AAAA\u003d"}},{"v":3839,"type":"GOLDEN_SWORD","meta":{"meta-type":"UNSPECIFIC","Damage":28}},{"v":3839,"type":"GOLDEN_SWORD","meta":{"meta-type":"UNSPECIFIC","Damage":21}},{"v":3839,"type":"DIAMOND_PICKAXE","meta":{"meta-type":"UNSPECIFIC","enchants":{"minecraft:fortune":2,"minecraft:mending":1},"repair-cost":3,"Damage":28}},{"v":3839,"type":"COBBLESTONE_SLAB","amount":56},{"v":3839,"type":"ROTTEN_FLESH","amount":53},{"v":3839,"type":"ROTTEN_FLESH","amount":64},{"v":3839,"type":"EGG","amount":16},{"v":3839,"type":"SHIELD","meta":{"meta-type":"TILE_ENTITY","Damage":108,"blockMaterial":"SHIELD"}},{"v":3839,"type":"GOLD_NUGGET","amount":55},{"v":3839,"type":"GOLD_NUGGET","amount":64},{"v":3839,"type":"GOLD_INGOT","amount":32},{"v":3839,"type":"KELP","amount":3},{"v":3839,"type":"GOLDEN_SWORD","meta":{"meta-type":"UNSPECIFIC","Damage":18}},{"v":3839,"type":"DEEPSLATE_BRICK_SLAB","amount":5},{"v":3839,"type":"NETHER_WART_BLOCK","amount":41},{"v":3839,"type":"COOKED_MUTTON","amount":15},{"v":3839,"type":"GOLD_NUGGET","amount":64},{"v":3839,"type":"BONE"},{"v":3839,"type":"GOLD_NUGGET","amount":64},{"v":3839,"type":"ROTTEN_FLESH","amount":64},{"v":3839,"type":"GOLDEN_SWORD","meta":{"meta-type":"UNSPECIFIC","Damage":25}},{"v":3839,"type":"GOLDEN_SWORD","meta":{"meta-type":"UNSPECIFIC","Damage":22}},{"v":3839,"type":"CHICKEN","amount":19},{"v":3839,"type":"EGG","amount":16},{"v":3839,"type":"DIRT","amount":64},{"v":3839,"type":"ARROW"},{"v":3839,"type":"GOLDEN_SWORD","meta":{"meta-type":"UNSPECIFIC","Damage":5}},{"v":3839,"type":"DIAMOND_HELMET","meta":{"meta-type":"ARMOR","enchants":{"minecraft:fire_protection":3,"minecraft:mending":1,"minecraft:respiration":3,"minecraft:unbreaking":3},"repair-cost":1,"Damage":7,"custom":"H4sIAAAAAAAA/22OWwrCQBAEO1nxsQoeSr2AF5AxGeNgMrvMjp7fFQP+SP9VQdERCIhnziR2SMUBNBvsTtrdSX1i9RIrW6zRSo/9TYwv2ZJz55K0RRhfYy189da4ZDH6o1Y11YsOM25mHJ96NabHz4S65ZEmGhifb2/odtp2oQAAAA\u003d\u003d"}},{"v":3839,"type":"DIRT","amount":28},{"v":3839,"type":"ROTTEN_FLESH","amount":64},{"v":3839,"type":"BREAD","amount":14},{"v":3839,"type":"GOLDEN_HELMET","meta":{"meta-type":"ARMOR","Damage":14}}]}}}"
"2024-06-20T19:52:39Z";"DESTROY_CHEST";"{"chest":{"location":{"world":"nasu vally_nether","x":-27.0,"y":59.0,"z":48.0},"createdAt":1718912582158,"expireAt":1718916182158,"owner":{"name":"PuneetD","op":false,"id":"d9d68f13-d608-35c3-9cc9-60dd58905161","entity-id":929,"location":{"world":"nasu vally_nether","x":-106.97876320514091,"y":192.0,"z":42.607888342310076,"yaw":-148.19913,"pitch":58.800076}},"isProtected":false,"inventory":{"type":"CHEST","size":9,"content":[]}},"reason":"THIEF","extra":{"player":{"name":"PuneetD","op":false,"id":"d9d68f13-d608-35c3-9cc9-60dd58905161","entity-id":42109,"location":{"world":"nasu vally_nether","x":-26.496740608497277,"y":59.0,"z":46.594958028131266,"yaw":7.049643,"pitch":20.850006}}}}"
"2024-06-20T19:55:02Z";"DESTROY_CHEST";"{"chest":{"location":{"world":"nasu vally_nether","x":-114.0,"y":230.0,"z":47.0},"createdAt":1718913094811,"expireAt":1718916694811,"owner":{"name":"PuneetD","op":false,"id":"d9d68f13-d608-35c3-9cc9-60dd58905161","entity-id":42109,"location":{"world":"nasu vally_nether","x":-114.87482488470746,"y":229.5,"z":47.60761605870285,"yaw":-102.4504,"pitch":28.949968}},"isProtected":false,"inventory":{"type":"CHEST","size":45,"content":[]}},"reason":"PLAYER","extra":{"player":{"name":"PuneetD","op":false,"id":"d9d68f13-d608-35c3-9cc9-60dd58905161","entity-id":42109,"location":{"world":"nasu vally_nether","x":-114.87482488470746,"y":229.5,"z":47.60761605870285,"yaw":-102.4504,"pitch":28.949968}}}}"
"2024-06-20T19:57:05Z";"CREATE_CHEST";"{"chest":{"location":{"world":"nasu vally_nether","x":-114.0,"y":230.0,"z":47.0},"createdAt":1718913425574,"expireAt":1718917025574,"owner":{"name":"PuneetD","op":false,"id":"d9d68f13-d608-35c3-9cc9-60dd58905161","entity-id":42109,"location":{"world":"nasu vally_nether","x":-112.03117368992545,"y":227.5,"z":46.07326936239077,"yaw":-24.600407,"pitch":18.149923}},"isProtected":false,"inventory":{"type":"CHEST","size":45,"content":[{"v":3839,"type":"GOLDEN_SWORD","meta":{"meta-type":"UNSPECIFIC","Damage":25}},{"v":3839,"type":"GOLDEN_SWORD","meta":{"meta-type":"UNSPECIFIC","Damage":21}},{"v":3839,"type":"GOLDEN_SWORD","meta":{"meta-type":"UNSPECIFIC","Damage":20}},{"v":3839,"type":"DIAMOND_PICKAXE","meta":{"meta-type":"UNSPECIFIC","enchants":{"minecraft:fortune":2,"minecraft:mending":1},"repair-cost":3,"Damage":29}},{"v":3839,"type":"DIAMOND_SWORD","meta":{"meta-type":"UNSPECIFIC","enchants":{"minecraft:looting":3,"minecraft:mending":1,"minecraft:sharpness":4},"repair-cost":1,"Damage":1,"custom":"H4sIAAAAAAAA/0XMbQqAIBCE4TGjD+lW1QW6wVKSgq3RSufPqGh+Pi+MATTMZHfyRx8lAVAtupFnR5w2y0lMNt2g8AtacXTsbEUK6HAGlHhCHWJMnteX9cf5YPlZ5VANtNFqce8CYjE5AX0AAAA\u003d"}},{"v":3839,"type":"GOLDEN_SWORD","meta":{"meta-type":"UNSPECIFIC","enchants":{"minecraft:smite":2},"Damage":14}},{"v":3839,"type":"GOLDEN_SWORD","meta":{"meta-type":"UNSPECIFIC","Damage":28}},{"v":3839,"type":"GOLDEN_SWORD","meta":{"meta-type":"UNSPECIFIC","Damage":25}},{"v":3839,"type":"GOLDEN_SWORD","meta":{"meta-type":"UNSPECIFIC","Damage":5}},{"v":3839,"type":"GOLD_INGOT","amount":35},{"v":3839,"type":"COBBLESTONE_SLAB","amount":54},{"v":3839,"type":"CHICKEN","amount":19},{"v":3839,"type":"NETHER_WART_BLOCK","amount":41},{"v":3839,"type":"KELP","amount":3},{"v":3839,"type":"GOLDEN_SWORD","meta":{"meta-type":"UNSPECIFIC","Damage":18}},{"v":3839,"type":"ARROW"},{"v":3839,"type":"ROTTEN_FLESH","amount":64},{"v":3839,"type":"BREAD","amount":14},{"v":3839,"type":"ROTTEN_FLESH","amount":53},{"v":3839,"type":"DIRT","amount":28},{"v":3839,"type":"DIAMOND_HELMET","meta":{"meta-type":"ARMOR","enchants":{"minecraft:fire_protection":3,"minecraft:mending":1,"minecraft:respiration":3,"minecraft:unbreaking":3},"repair-cost":1,"Damage":7,"custom":"H4sIAAAAAAAA/22OWwrCQBAEO1nxsQoeSr2AF5AxGeNgMrvMjp7fFQP+SP9VQdERCIhnziR2SMUBNBvsTtrdSX1i9RIrW6zRSo/9TYwv2ZJz55K0RRhfYy189da4ZDH6o1Y11YsOM25mHJ96NabHz4S65ZEmGhifb2/odtp2oQAAAA\u003d\u003d"}},{"v":3839,"type":"GOLD_NUGGET","amount":64},{"v":3839,"type":"GOLDEN_SWORD","meta":{"meta-type":"UNSPECIFIC","Damage":22}},{"v":3839,"type":"COOKED_MUTTON","amount":15},{"v":3839,"type":"ROTTEN_FLESH","amount":64},{"v":3839,"type":"GOLD_NUGGET","amount":56},{"v":3839,"type":"GOLDEN_SWORD","meta":{"meta-type":"UNSPECIFIC","Damage":28}},{"v":3839,"type":"GOLD_NUGGET","amount":64},{"v":3839,"type":"ROTTEN_FLESH","amount":64},{"v":3839,"type":"DEEPSLATE_BRICK_SLAB","amount":5},{"v":3839,"type":"BONE"},{"v":3839,"type":"EGG","amount":16},{"v":3839,"type":"GOLD_NUGGET","amount":64},{"v":3839,"type":"DIRT","amount":64},{"v":3839,"type":"SHIELD","meta":{"meta-type":"TILE_ENTITY","Damage":108,"blockMaterial":"SHIELD"}},{"v":3839,"type":"EGG","amount":16},{"v":3839,"type":"GOLDEN_BOOTS","meta":{"meta-type":"ARMOR","Damage":12}},{"v":3839,"type":"GOLDEN_HELMET","meta":{"meta-type":"ARMOR","Damage":17}}]}}}"
"2024-06-20T20:01:08Z";"DESTROY_CHEST";"{"chest":{"location":{"world":"nasu vally_nether","x":-114.0,"y":230.0,"z":47.0},"createdAt":1718913425574,"expireAt":1718917025574,"owner":{"name":"PuneetD","op":false,"id":"d9d68f13-d608-35c3-9cc9-60dd58905161","entity-id":42109,"location":{"world":"nasu vally_nether","x":-112.3768943844011,"y":229.5,"z":47.28735276619189,"yaw":75.15014,"pitch":27.30001}},"isProtected":false,"inventory":{"type":"CHEST","size":45,"content":[]}},"reason":"PLAYER","extra":{"player":{"name":"PuneetD","op":false,"id":"d9d68f13-d608-35c3-9cc9-60dd58905161","entity-id":42109,"location":{"world":"nasu vally_nether","x":-112.3768943844011,"y":229.5,"z":47.28735276619189,"yaw":75.15014,"pitch":27.30001}}}}"
"2024-06-20T20:20:35Z";"CREATE_CHEST";"{"chest":{"location":{"world":"nasu vally","x":0.0,"y":69.0,"z":-417.0},"createdAt":1718914835110,"expireAt":1718918435110,"owner":{"name":"PuneetD","op":false,"id":"d9d68f13-d608-35c3-9cc9-60dd58905161","entity-id":42109,"location":{"world":"nasu vally","x":-0.024805635346798097,"y":69.0,"z":-416.7244509519426,"yaw":-0.60095215,"pitch":37.049942}},"isProtected":false,"inventory":{"type":"CHEST","size":36,"content":[{"v":3839,"type":"DIAMOND_SWORD","meta":{"meta-type":"UNSPECIFIC","enchants":{"minecraft:looting":3,"minecraft:mending":1,"minecraft:sharpness":4},"repair-cost":1,"custom":"H4sIAAAAAAAA/0XMbQqAIBCE4TGjD+lW1QW6wVKSgq3RSufPqGh+Pi+MATTMZHfyRx8lAVAtupFnR5w2y0lMNt2g8AtacXTsbEUK6HAGlHhCHWJMnteX9cf5YPlZ5VANtNFqce8CYjE5AX0AAAA\u003d"}},{"v":3839,"type":"BREAD","amount":14},{"v":3839,"type":"ENCHANTED_BOOK","meta":{"meta-type":"ENCHANTED","stored-enchants":{"minecraft:power":4}}},{"v":3839,"type":"ENCHANTED_BOOK","meta":{"meta-type":"ENCHANTED","stored-enchants":{"minecraft:blast_protection":4,"minecraft:depth_strider":3,"minecraft:piercing":4,"minecraft:unbreaking":3}}},{"v":3839,"type":"ENCHANTED_BOOK","meta":{"meta-type":"ENCHANTED","stored-enchants":{"minecraft:quick_charge":2}}},{"v":3839,"type":"BOOK","amount":53},{"v":3839,"type":"COOKED_MUTTON","amount":12},{"v":3839,"type":"CHEST","amount":2},{"v":3839,"type":"DIAMOND_PICKAXE","meta":{"meta-type":"UNSPECIFIC","enchants":{"minecraft:fortune":2,"minecraft:mending":1},"repair-cost":3,"Damage":33}},{"v":3839,"type":"GOLDEN_SWORD","meta":{"meta-type":"UNSPECIFIC","Damage":31}},{"v":3839,"type":"GOLDEN_SWORD","meta":{"meta-type":"UNSPECIFIC","Damage":32}},{"v":3839,"type":"LAPIS_LAZULI","amount":50},{"v":3839,"type":"GOLDEN_SWORD","meta":{"meta-type":"UNSPECIFIC","Damage":12}},{"v":3839,"type":"GOLDEN_SWORD","meta":{"meta-type":"UNSPECIFIC","enchants":{"minecraft:sweeping_edge":3},"Damage":22}},{"v":3839,"type":"EGG","amount":16},{"v":3839,"type":"GOLDEN_SWORD","meta":{"meta-type":"UNSPECIFIC","Damage":25}},{"v":3839,"type":"GOLDEN_SWORD","meta":{"meta-type":"UNSPECIFIC","enchants":{"minecraft:knockback":1},"Damage":29}},{"v":3839,"type":"NETHER_WART_BLOCK","amount":41},{"v":3839,"type":"KELP","amount":3},{"v":3839,"type":"ENCHANTED_BOOK","meta":{"meta-type":"ENCHANTED","stored-enchants":{"minecraft:fire_protection":3,"minecraft:quick_charge":2}}},{"v":3839,"type":"ARROW"},{"v":3839,"type":"DEEPSLATE_BRICK_SLAB","amount":5},{"v":3839,"type":"ENCHANTED_BOOK","meta":{"meta-type":"ENCHANTED","stored-enchants":{"minecraft:fire_aspect":2,"minecraft:flame":1,"minecraft:knockback":2}}},{"v":3839,"type":"ENCHANTED_BOOK","meta":{"meta-type":"ENCHANTED","stored-enchants":{"minecraft:multishot":1,"minecraft:power":4}}},{"v":3839,"type":"ENCHANTED_BOOK","meta":{"meta-type":"ENCHANTED","stored-enchants":{"minecraft:protection":3,"minecraft:riptide":2}}},{"v":3839,"type":"EGG","amount":16},{"v":3839,"type":"GOLDEN_BOOTS","meta":{"meta-type":"ARMOR","Damage":20}},{"v":3839,"type":"GOLDEN_HELMET","meta":{"meta-type":"ARMOR","Damage":25}},{"v":3839,"type":"SHIELD","meta":{"meta-type":"TILE_ENTITY","Damage":116,"blockMaterial":"SHIELD"}}]}}}"
"2024-06-20T20:20:50Z";"DESTROY_CHEST";"{"chest":{"location":{"world":"nasu vally","x":0.0,"y":69.0,"z":-417.0},"createdAt":1718914835110,"expireAt":1718918435110,"owner":{"name":"PuneetD","op":false,"id":"d9d68f13-d608-35c3-9cc9-60dd58905161","entity-id":42109,"location":{"world":"nasu vally","x":-0.8779810362550341,"y":69.0,"z":-416.9980026153284,"yaw":-66.30005,"pitch":40.65}},"isProtected":false,"inventory":{"type":"CHEST","size":36,"content":[]}},"reason":"PLAYER","extra":{"player":{"name":"PuneetD","op":false,"id":"d9d68f13-d608-35c3-9cc9-60dd58905161","entity-id":42109,"location":{"world":"nasu vally","x":-0.8779810362550341,"y":69.0,"z":-416.9980026153284,"yaw":-66.30005,"pitch":40.65}}}}"
"2024-06-20T22:03:48Z";"CREATE_CHEST";"{"chest":{"location":{"world":"nasu vally_nether","x":-112.0,"y":230.0,"z":44.0},"createdAt":1718921028112,"expireAt":1718924628112,"owner":{"name":"PuneetD","op":false,"id":"d9d68f13-d608-35c3-9cc9-60dd58905161","entity-id":752,"location":{"world":"nasu vally_nether","x":-112.17249801289621,"y":229.5,"z":44.24492173008596,"yaw":2.0999942,"pitch":49.649807}},"isProtected":false,"inventory":{"type":"CHEST","size":9,"content":[{"v":3839,"type":"DIRT","amount":29},{"v":3839,"type":"DEEPSLATE_BRICK_SLAB","amount":4},{"v":3839,"type":"DIAMOND_PICKAXE","meta":{"meta-type":"UNSPECIFIC","Damage":10}},{"v":3839,"type":"GOLDEN_BOOTS","meta":{"meta-type":"ARMOR","Damage":39}},{"v":3839,"type":"GOLDEN_HELMET","meta":{"meta-type":"ARMOR","Damage":44}}]}}}"
"2024-06-20T22:06:25Z";"CREATE_CHEST";"{"chest":{"location":{"world":"nasu vally_nether","x":-101.0,"y":192.0,"z":47.0},"createdAt":1718921185662,"expireAt":1718924785662,"owner":{"name":"PuneetD","op":false,"id":"d9d68f13-d608-35c3-9cc9-60dd58905161","entity-id":752,"location":{"world":"nasu vally_nether","x":-100.66262515333831,"y":192.0,"z":47.27208746197663,"yaw":80.399445,"pitch":54.900043}},"isProtected":false,"inventory":{"type":"CHEST","size":18,"content":[{"v":3839,"type":"GOLDEN_HELMET"},{"v":3839,"type":"GOLDEN_HELMET"},{"v":3839,"type":"GOLDEN_HELMET"},{"v":3839,"type":"GOLDEN_HELMET"},{"v":3839,"type":"GOLDEN_HELMET"},{"v":3839,"type":"GOLDEN_HELMET"},{"v":3839,"type":"GOLDEN_HELMET"},{"v":3839,"type":"DIAMOND_PICKAXE","meta":{"meta-type":"UNSPECIFIC","enchants":{"minecraft:efficiency":4,"minecraft:fortune":3,"minecraft:unbreaking":3}}},{"v":3839,"type":"GOLD_INGOT","amount":4},{"v":3839,"type":"GOLDEN_HELMET"},{"v":3839,"type":"GOLDEN_HELMET"},{"v":3839,"type":"GOLDEN_HELMET","meta":{"meta-type":"ARMOR","Damage":6}}]}}}"
"2024-06-20T22:10:06Z";"DESTROY_CHEST";"{"chest":{"location":{"world":"nasu vally_nether","x":-101.0,"y":192.0,"z":47.0},"createdAt":1718921185662,"expireAt":1718924785662,"owner":{"name":"PuneetD","op":false,"id":"d9d68f13-d608-35c3-9cc9-60dd58905161","entity-id":752,"location":{"world":"nasu vally_nether","x":-98.55683090906477,"y":192.0,"z":46.32335764976646,"yaw":54.000095,"pitch":20.399979}},"isProtected":false,"inventory":{"type":"CHEST","size":18,"content":[]}},"reason":"PLAYER","extra":{"player":{"name":"PuneetD","op":false,"id":"d9d68f13-d608-35c3-9cc9-60dd58905161","entity-id":752,"location":{"world":"nasu vally_nether","x":-98.55683090906477,"y":192.0,"z":46.32335764976646,"yaw":54.000095,"pitch":20.399979}}}}"
"2024-06-20T22:12:12Z";"DESTROY_CHEST";"{"chest":{"location":{"world":"nasu vally_nether","x":-112.0,"y":230.0,"z":44.0},"createdAt":1718921028112,"expireAt":1718924628112,"owner":{"name":"PuneetD","op":false,"id":"d9d68f13-d608-35c3-9cc9-60dd58905161","entity-id":752,"location":{"world":"nasu vally_nether","x":-111.55830184579376,"y":229.5,"z":47.306085439007056,"yaw":176.55072,"pitch":15.599985}},"isProtected":false,"inventory":{"type":"CHEST","size":9,"content":[]}},"reason":"PLAYER","extra":{"player":{"name":"PuneetD","op":false,"id":"d9d68f13-d608-35c3-9cc9-60dd58905161","entity-id":752,"location":{"world":"nasu vally_nether","x":-111.55830184579376,"y":229.5,"z":47.306085439007056,"yaw":176.55072,"pitch":15.599985}}}}"
"2024-06-20T22:26:04Z";"CREATE_CHEST";"{"chest":{"location":{"world":"nasu vally_nether","x":-124.0,"y":192.0,"z":43.0},"createdAt":1718922364611,"expireAt":1718925964611,"owner":{"name":"PuneetD","op":false,"id":"d9d68f13-d608-35c3-9cc9-60dd58905161","entity-id":752,"location":{"world":"nasu vally_nether","x":-123.27293517652826,"y":192.0,"z":43.38469365544505,"yaw":-108.60132,"pitch":4.800019}},"isProtected":false,"inventory":{"type":"CHEST","size":27,"content":[{"v":3839,"type":"COOKED_MUTTON","amount":60},{"v":3839,"type":"DIRT","amount":30},{"v":3839,"type":"GOLDEN_HELMET","meta":{"meta-type":"ARMOR","Damage":6}},{"v":3839,"type":"GOLDEN_HELMET"},{"v":3839,"type":"GOLDEN_HELMET"},{"v":3839,"type":"GOLDEN_SWORD","meta":{"meta-type":"UNSPECIFIC","Damage":26}},{"v":3839,"type":"DIAMOND_PICKAXE","meta":{"meta-type":"UNSPECIFIC","enchants":{"minecraft:efficiency":4,"minecraft:fortune":3,"minecraft:unbreaking":3},"Damage":6}},{"v":3839,"type":"STRING","amount":3},{"v":3839,"type":"CHEST","amount":2},{"v":3839,"type":"STICK","amount":3},{"v":3839,"type":"SPRUCE_SIGN","amount":2},{"v":3839,"type":"GOLDEN_HELMET"},{"v":3839,"type":"GOLD_NUGGET","amount":4},{"v":3839,"type":"SPIDER_EYE","amount":2},{"v":3839,"type":"GOLD_INGOT","amount":4},{"v":3839,"type":"GOLDEN_HELMET"},{"v":3839,"type":"DEEPSLATE_BRICK_SLAB","amount":4},{"v":3839,"type":"DIAMOND_PICKAXE","meta":{"meta-type":"UNSPECIFIC","Damage":10}},{"v":3839,"type":"GOLDEN_BOOTS","meta":{"meta-type":"ARMOR","Damage":39}},{"v":3839,"type":"GOLDEN_HELMET","meta":{"meta-type":"ARMOR","Damage":44}},{"v":3839,"type":"GOLDEN_HELMET"},{"v":3839,"type":"COBBLESTONE_SLAB","amount":4},{"v":3839,"type":"GOLDEN_HELMET"},{"v":3839,"type":"GOLDEN_HELMET","meta":{"meta-type":"ARMOR","Damage":37}}]}}}"
"2024-06-20T22:28:29Z";"DESTROY_CHEST";"{"chest":{"location":{"world":"nasu vally_nether","x":-124.0,"y":192.0,"z":43.0},"createdAt":1718922364611,"expireAt":1718925964611,"owner":{"name":"PuneetD","op":false,"id":"d9d68f13-d608-35c3-9cc9-60dd58905161","entity-id":752,"location":{"world":"nasu vally_nether","x":-123.69999998807907,"y":192.0,"z":41.977624229831996,"yaw":-15.299538,"pitch":37.349895}},"isProtected":false,"inventory":{"type":"CHEST","size":27,"content":[]}},"reason":"PLAYER","extra":{"player":{"name":"PuneetD","op":false,"id":"d9d68f13-d608-35c3-9cc9-60dd58905161","entity-id":752,"location":{"world":"nasu vally_nether","x":-123.69999998807907,"y":192.0,"z":41.977624229831996,"yaw":-15.299538,"pitch":37.349895}}}}"
"2024-06-20T22:28:42Z";"CREATE_CHEST";"{"chest":{"location":{"world":"nasu vally_nether","x":-125.0,"y":203.0,"z":44.0},"createdAt":1718922522911,"expireAt":1718926122911,"owner":{"name":"PuneetD","op":false,"id":"d9d68f13-d608-35c3-9cc9-60dd58905161","entity-id":752,"location":{"world":"nasu vally_nether","x":-124.8028102249543,"y":203.0,"z":44.629266508815846,"yaw":95.70055,"pitch":39.149963}},"isProtected":false,"inventory":{"type":"CHEST","size":27,"content":[{"v":3839,"type":"GOLDEN_HELMET"},{"v":3839,"type":"STICK","amount":3},{"v":3839,"type":"GOLDEN_BOOTS","meta":{"meta-type":"ARMOR","Damage":39}},{"v":3839,"type":"GOLDEN_HELMET","meta":{"meta-type":"ARMOR","Damage":44}},{"v":3839,"type":"SPRUCE_SIGN","amount":2},{"v":3839,"type":"GOLDEN_HELMET"},{"v":3839,"type":"COBBLESTONE_SLAB","amount":4},{"v":3839,"type":"GOLDEN_HELMET"},{"v":3839,"type":"GOLDEN_SWORD","meta":{"meta-type":"UNSPECIFIC","Damage":26}},{"v":3839,"type":"COOKED_MUTTON","amount":60},{"v":3839,"type":"DIRT","amount":30},{"v":3839,"type":"GOLDEN_HELMET","meta":{"meta-type":"ARMOR","Damage":6}},{"v":3839,"type":"GOLDEN_HELMET"},{"v":3839,"type":"GOLDEN_HELMET"},{"v":3839,"type":"GOLDEN_HELMET","meta":{"meta-type":"ARMOR","Damage":37}},{"v":3839,"type":"DIAMOND_PICKAXE","meta":{"meta-type":"UNSPECIFIC","enchants":{"minecraft:efficiency":4,"minecraft:fortune":3,"minecraft:unbreaking":3},"Damage":6}},{"v":3839,"type":"STRING","amount":3},{"v":3839,"type":"CHEST","amount":2},{"v":3839,"type":"DIAMOND_PICKAXE","meta":{"meta-type":"UNSPECIFIC","Damage":10}},{"v":3839,"type":"DEEPSLATE_BRICK_SLAB","amount":4},{"v":3839,"type":"GOLDEN_HELMET"},{"v":3839,"type":"GOLD_INGOT","amount":4},{"v":3839,"type":"SPIDER_EYE","amount":2},{"v":3839,"type":"GOLD_NUGGET","amount":4}]}}}"
"2024-06-20T22:33:35Z";"DESTROY_CHEST";"{"chest":{"location":{"world":"nasu vally_nether","x":-125.0,"y":203.0,"z":44.0},"createdAt":1718922522911,"expireAt":1718926122911,"owner":{"name":"PuneetD","op":false,"id":"d9d68f13-d608-35c3-9cc9-60dd58905161","entity-id":752,"location":{"world":"nasu vally_nether","x":-121.82268271703599,"y":201.0,"z":44.54011818181777,"yaw":93.60012,"pitch":-13.350045}},"isProtected":false,"inventory":{"type":"CHEST","size":27,"content":[]}},"reason":"PLAYER","extra":{"player":{"name":"PuneetD","op":false,"id":"d9d68f13-d608-35c3-9cc9-60dd58905161","entity-id":752,"location":{"world":"nasu vally_nether","x":-121.82268271703599,"y":201.0,"z":44.54011818181777,"yaw":93.60012,"pitch":-13.350045}}}}"
